<annotation>
  <folder>./ͼƬ</folder>
  <filename>ͼƬ/1 (2).jpg</filename>
  <path>./ͼƬ/1 (2).jpg</path>
  <source>
    <database>Unknown</database>
  </source>
  <size>
    <width>860</width>
    <height>1132</height>
    <depth>3</depth>
  </size>
  <segmented>0</segmented>
  <object>
    <name>人</name>
    <pose>Unspecified</pose>
    <truncated>0</truncated>
    <difficult>0</difficult>
    <bndbox>
      <xmin>255</xmin>
      <ymin>91</ymin>
      <xmax>653</xmax>
      <ymax>1079</ymax>
    </bndbox>
  </object>
  <object>
    <name>篮球</name>
    <pose>Unspecified</pose>
    <truncated>0</truncated>
    <difficult>0</difficult>
    <bndbox>
      <xmin>246</xmin>
      <ymin>464</ymin>
      <xmax>389</xmax>
      <ymax>612</ymax>
    </bndbox>
  </object>
  <object>
    <name>点-点序号_1-点序号-是否可见_可见点</name>
    <pose>Unspecified</pose>
    <truncated>0</truncated>
    <difficult>0</difficult>
    <bndbox>
      <x1>445</x1>
      <y1>124</y1>
    </bndbox>
  </object>
  <object>
    <name>点-点序号_2-点序号-是否可见_可见点</name>
    <pose>Unspecified</pose>
    <truncated>0</truncated>
    <difficult>0</difficult>
    <bndbox>
      <x1>471</x1>
      <y1>190</y1>
    </bndbox>
  </object>
  <object>
    <name>点-点序号_3-点序号-是否可见_可见点</name>
    <pose>Unspecified</pose>
    <truncated>0</truncated>
    <difficult>0</difficult>
    <bndbox>
      <x1>426</x1>
      <y1>193</y1>
    </bndbox>
  </object>
  <object>
    <name>点-点序号_4-点序号-是否可见_可见点</name>
    <pose>Unspecified</pose>
    <truncated>0</truncated>
    <difficult>0</difficult>
    <bndbox>
      <x1>508</x1>
      <y1>201</y1>
    </bndbox>
  </object>
  <object>
    <name>点-点序号_5-点序号-是否可见_可见点</name>
    <pose>Unspecified</pose>
    <truncated>0</truncated>
    <difficult>0</difficult>
    <bndbox>
      <x1>394</x1>
      <y1>209</y1>
    </bndbox>
  </object>
  <object>
    <name>点-点序号_6-点序号-是否可见_可见点</name>
    <pose>Unspecified</pose>
    <truncated>0</truncated>
    <difficult>0</difficult>
    <bndbox>
      <x1>450</x1>
      <y1>221</y1>
    </bndbox>
  </object>
  <object>
    <name>点-点序号_7-点序号-是否可见_可见点</name>
    <pose>Unspecified</pose>
    <truncated>0</truncated>
    <difficult>0</difficult>
    <bndbox>
      <x1>452</x1>
      <y1>270</y1>
    </bndbox>
  </object>
  <object>
    <name>点-点序号_8-点序号-是否可见_可见点</name>
    <pose>Unspecified</pose>
    <truncated>0</truncated>
    <difficult>0</difficult>
    <bndbox>
      <x1>585</x1>
      <y1>301</y1>
    </bndbox>
  </object>
  <object>
    <name>点-点序号_9-点序号-是否可见_可见点</name>
    <pose>Unspecified</pose>
    <truncated>0</truncated>
    <difficult>0</difficult>
    <bndbox>
      <x1>332</x1>
      <y1>287</y1>
    </bndbox>
  </object>
  <object>
    <name>点-点序号_10-点序号-是否可见_可见点</name>
    <pose>Unspecified</pose>
    <truncated>0</truncated>
    <difficult>0</difficult>
    <bndbox>
      <x1>572</x1>
      <y1>482</y1>
    </bndbox>
  </object>
  <object>
    <name>点-点序号_11-点序号-是否可见_可见点</name>
    <pose>Unspecified</pose>
    <truncated>0</truncated>
    <difficult>0</difficult>
    <bndbox>
      <x1>283</x1>
      <y1>377</y1>
    </bndbox>
  </object>
  <object>
    <name>点-点序号_12-点序号-是否可见_可见点</name>
    <pose>Unspecified</pose>
    <truncated>0</truncated>
    <difficult>0</difficult>
    <bndbox>
      <x1>416</x1>
      <y1>545</y1>
    </bndbox>
  </object>
  <object>
    <name>点-点序号_13-点序号-是否可见_可见点</name>
    <pose>Unspecified</pose>
    <truncated>0</truncated>
    <difficult>0</difficult>
    <bndbox>
      <x1>317</x1>
      <y1>451</y1>
    </bndbox>
  </object>
  <object>
    <name>点-点序号_14-点序号-是否可见_可见点</name>
    <pose>Unspecified</pose>
    <truncated>0</truncated>
    <difficult>0</difficult>
    <bndbox>
      <x1>387</x1>
      <y1>579</y1>
    </bndbox>
  </object>
  <object>
    <name>点-点序号_15-点序号-是否可见_可见点</name>
    <pose>Unspecified</pose>
    <truncated>0</truncated>
    <difficult>0</difficult>
    <bndbox>
      <x1>309</x1>
      <y1>456</y1>
    </bndbox>
  </object>
  <object>
    <name>点-点序号-点序号_16-是否可见_可见点</name>
    <pose>Unspecified</pose>
    <truncated>0</truncated>
    <difficult>0</difficult>
    <bndbox>
      <x1>571</x1>
      <y1>582</y1>
    </bndbox>
  </object>
  <object>
    <name>点-点序号-点序号_18-是否可见_可见点</name>
    <pose>Unspecified</pose>
    <truncated>0</truncated>
    <difficult>0</difficult>
    <bndbox>
      <x1>589</x1>
      <y1>768</y1>
    </bndbox>
  </object>
  <object>
    <name>点-点序号-点序号_19-是否可见_可见点</name>
    <pose>Unspecified</pose>
    <truncated>0</truncated>
    <difficult>0</difficult>
    <bndbox>
      <x1>356</x1>
      <y1>767</y1>
    </bndbox>
  </object>
  <object>
    <name>点-点序号-点序号_20-是否可见_可见点</name>
    <pose>Unspecified</pose>
    <truncated>0</truncated>
    <difficult>0</difficult>
    <bndbox>
      <x1>607</x1>
      <y1>948</y1>
    </bndbox>
  </object>
  <object>
    <name>点-点序号-点序号_21-是否可见_可见点</name>
    <pose>Unspecified</pose>
    <truncated>0</truncated>
    <difficult>0</difficult>
    <bndbox>
      <x1>336</x1>
      <y1>952</y1>
    </bndbox>
  </object>
  <object>
    <name>点-点序号-点序号_22-是否可见_可见点</name>
    <pose>Unspecified</pose>
    <truncated>0</truncated>
    <difficult>0</difficult>
    <bndbox>
      <x1>626</x1>
      <y1>1069</y1>
    </bndbox>
  </object>
  <object>
    <name>点-点序号-点序号_23-是否可见_可见点</name>
    <pose>Unspecified</pose>
    <truncated>0</truncated>
    <difficult>0</difficult>
    <bndbox>
      <x1>581</x1>
      <y1>1033</y1>
    </bndbox>
  </object>
  <object>
    <name>点-点序号-点序号_24-是否可见_可见点</name>
    <pose>Unspecified</pose>
    <truncated>0</truncated>
    <difficult>0</difficult>
    <bndbox>
      <x1>305</x1>
      <y1>1077</y1>
    </bndbox>
  </object>
  <object>
    <name>点-点序号-点序号_25-是否可见_可见点</name>
    <pose>Unspecified</pose>
    <truncated>0</truncated>
    <difficult>0</difficult>
    <bndbox>
      <x1>369</x1>
      <y1>1035</y1>
    </bndbox>
  </object>
  <object>
    <name>点-点序号-点序号_17-是否可见_不可见点</name>
    <pose>Unspecified</pose>
    <truncated>0</truncated>
    <difficult>0</difficult>
    <bndbox>
      <x1>349</x1>
      <y1>588</y1>
    </bndbox>
  </object>
</annotation>