{
  "version": "3.5.0",
  "flags": {},
  "shapes": [
    {
      "label": "足球",
      "shape_type": "rectangle",
      "line_color": [
        246,
        8,
        52,
        128
      ],
      "fill_color": null,
      "points": [
        [
          167,
          631
        ],
        [
          252,
          718
        ]
      ]
    },
    {
      "label": "人",
      "shape_type": "rectangle",
      "line_color": [
        253,
        79,
        215,
        128
      ],
      "fill_color": null,
      "points": [
        [
          257,
          228
        ],
        [
          379,
          693
        ]
      ]
    },
    {
      "label": "点-点序号_1-点序号-是否可见_可见点",
      "shape_type": "point",
      "line_color": [
        207,
        179,
        232,
        128
      ],
      "fill_color": null,
      "points": [
        [
          323,
          240
        ]
      ]
    },
    {
      "label": "点-点序号_2-点序号-是否可见_可见点",
      "shape_type": "point",
      "line_color": [
        207,
        179,
        232,
        128
      ],
      "fill_color": null,
      "points": [
        [
          322,
          283
        ]
      ]
    },
    {
      "label": "点-点序号_3-点序号-是否可见_可见点",
      "shape_type": "point",
      "line_color": [
        207,
        179,
        232,
        128
      ],
      "fill_color": null,
      "points": [
        [
          304,
          280
        ]
      ]
    },
    {
      "label": "点-点序号_4-点序号-是否可见_可见点",
      "shape_type": "point",
      "line_color": [
        207,
        179,
        232,
        128
      ],
      "fill_color": null,
      "points": [
        [
          353,
          287
        ]
      ]
    },
    {
      "label": "点-点序号_6-点序号-是否可见_可见点",
      "shape_type": "point",
      "line_color": [
        207,
        179,
        232,
        128
      ],
      "fill_color": null,
      "points": [
        [
          310,
          294
        ]
      ]
    },
    {
      "label": "点-点序号_7-点序号-是否可见_可见点",
      "shape_type": "point",
      "line_color": [
        207,
        179,
        232,
        128
      ],
      "fill_color": null,
      "points": [
        [
          313,
          316
        ]
      ]
    },
    {
      "label": "点-点序号_8-点序号-是否可见_可见点",
      "shape_type": "point",
      "line_color": [
        207,
        179,
        232,
        128
      ],
      "fill_color": null,
      "points": [
        [
          354,
          347
        ]
      ]
    },
    {
      "label": "点-点序号_9-点序号-是否可见_可见点",
      "shape_type": "point",
      "line_color": [
        207,
        179,
        232,
        128
      ],
      "fill_color": null,
      "points": [
        [
          286,
          328
        ]
      ]
    },
    {
      "label": "点-点序号_10-点序号-是否可见_可见点",
      "shape_type": "point",
      "line_color": [
        207,
        179,
        232,
        128
      ],
      "fill_color": null,
      "points": [
        [
          369,
          418
        ]
      ]
    },
    {
      "label": "点-点序号_12-点序号-是否可见_可见点",
      "shape_type": "point",
      "line_color": [
        207,
        179,
        232,
        128
      ],
      "fill_color": null,
      "points": [
        [
          317,
          436
        ]
      ]
    },
    {
      "label": "点-点序号_13-点序号-是否可见_可见点",
      "shape_type": "point",
      "line_color": [
        207,
        179,
        232,
        128
      ],
      "fill_color": null,
      "points": [
        [
          276,
          439
        ]
      ]
    },
    {
      "label": "点-点序号_14-点序号-是否可见_可见点",
      "shape_type": "point",
      "line_color": [
        207,
        179,
        232,
        128
      ],
      "fill_color": null,
      "points": [
        [
          297,
          439
        ]
      ]
    },
    {
      "label": "点-点序号_15-点序号-是否可见_可见点",
      "shape_type": "point",
      "line_color": [
        207,
        179,
        232,
        128
      ],
      "fill_color": null,
      "points": [
        [
          257,
          451
        ]
      ]
    },
    {
      "label": "点-点序号-点序号_16-是否可见_可见点",
      "shape_type": "point",
      "line_color": [
        207,
        179,
        232,
        128
      ],
      "fill_color": null,
      "points": [
        [
          352,
          453
        ]
      ]
    },
    {
      "label": "点-点序号-点序号_17-是否可见_可见点",
      "shape_type": "point",
      "line_color": [
        207,
        179,
        232,
        128
      ],
      "fill_color": null,
      "points": [
        [
          292,
          455
        ]
      ]
    },
    {
      "label": "点-点序号-点序号_18-是否可见_可见点",
      "shape_type": "point",
      "line_color": [
        207,
        179,
        232,
        128
      ],
      "fill_color": null,
      "points": [
        [
          326,
          558
        ]
      ]
    },
    {
      "label": "点-点序号-点序号_19-是否可见_可见点",
      "shape_type": "point",
      "line_color": [
        207,
        179,
        232,
        128
      ],
      "fill_color": null,
      "points": [
        [
          304,
          558
        ]
      ]
    },
    {
      "label": "点-点序号-点序号_20-是否可见_可见点",
      "shape_type": "point",
      "line_color": [
        207,
        179,
        232,
        128
      ],
      "fill_color": null,
      "points": [
        [
          355,
          636
        ]
      ]
    },
    {
      "label": "点-点序号-点序号_21-是否可见_可见点",
      "shape_type": "point",
      "line_color": [
        207,
        179,
        232,
        128
      ],
      "fill_color": null,
      "points": [
        [
          333,
          641
        ]
      ]
    },
    {
      "label": "点-点序号-点序号_22-是否可见_可见点",
      "shape_type": "point",
      "line_color": [
        207,
        179,
        232,
        128
      ],
      "fill_color": null,
      "points": [
        [
          334,
          690
        ]
      ]
    },
    {
      "label": "点-点序号-点序号_23-是否可见_可见点",
      "shape_type": "point",
      "line_color": [
        207,
        179,
        232,
        128
      ],
      "fill_color": null,
      "points": [
        [
          374,
          656
        ]
      ]
    },
    {
      "label": "点-点序号-点序号_24-是否可见_可见点",
      "shape_type": "point",
      "line_color": [
        207,
        179,
        232,
        128
      ],
      "fill_color": null,
      "points": [
        [
          280,
          679
        ]
      ]
    },
    {
      "label": "点-点序号_5-点序号-是否可见_不可见点",
      "shape_type": "point",
      "line_color": [
        207,
        179,
        232,
        128
      ],
      "fill_color": null,
      "points": [
        [
          298,
          284
        ]
      ]
    },
    {
      "label": "点-点序号_11-点序号-是否可见_不可见点",
      "shape_type": "point",
      "line_color": [
        207,
        179,
        232,
        128
      ],
      "fill_color": null,
      "points": [
        [
          291,
          403
        ]
      ]
    }
  ],
  "imgAttrLabel": null,
  "lineColor": [
    0,
    255,
    0,
    128
  ],
  "fillColor": [
    255,
    0,
    0,
    128
  ],
  "imagePath": "1 (3).jpg",
  "imageData": null
}