<annotation>
  <folder>./ͼƬ</folder>
  <filename>ͼƬ/1 (3).jpg</filename>
  <path>./ͼƬ/1 (3).jpg</path>
  <source>
    <database>Unknown</database>
  </source>
  <size>
    <width>500</width>
    <height>750</height>
    <depth>3</depth>
  </size>
  <segmented>0</segmented>
  <object>
    <name>足球</name>
    <pose>Unspecified</pose>
    <truncated>0</truncated>
    <difficult>0</difficult>
    <bndbox>
      <xmin>167</xmin>
      <ymin>631</ymin>
      <xmax>252</xmax>
      <ymax>718</ymax>
    </bndbox>
  </object>
  <object>
    <name>人</name>
    <pose>Unspecified</pose>
    <truncated>0</truncated>
    <difficult>0</difficult>
    <bndbox>
      <xmin>257</xmin>
      <ymin>228</ymin>
      <xmax>379</xmax>
      <ymax>693</ymax>
    </bndbox>
  </object>
  <object>
    <name>点-点序号_1-点序号-是否可见_可见点</name>
    <pose>Unspecified</pose>
    <truncated>0</truncated>
    <difficult>0</difficult>
    <bndbox>
      <x1>323</x1>
      <y1>240</y1>
    </bndbox>
  </object>
  <object>
    <name>点-点序号_2-点序号-是否可见_可见点</name>
    <pose>Unspecified</pose>
    <truncated>0</truncated>
    <difficult>0</difficult>
    <bndbox>
      <x1>322</x1>
      <y1>283</y1>
    </bndbox>
  </object>
  <object>
    <name>点-点序号_3-点序号-是否可见_可见点</name>
    <pose>Unspecified</pose>
    <truncated>0</truncated>
    <difficult>0</difficult>
    <bndbox>
      <x1>304</x1>
      <y1>280</y1>
    </bndbox>
  </object>
  <object>
    <name>点-点序号_4-点序号-是否可见_可见点</name>
    <pose>Unspecified</pose>
    <truncated>0</truncated>
    <difficult>0</difficult>
    <bndbox>
      <x1>353</x1>
      <y1>287</y1>
    </bndbox>
  </object>
  <object>
    <name>点-点序号_6-点序号-是否可见_可见点</name>
    <pose>Unspecified</pose>
    <truncated>0</truncated>
    <difficult>0</difficult>
    <bndbox>
      <x1>310</x1>
      <y1>294</y1>
    </bndbox>
  </object>
  <object>
    <name>点-点序号_7-点序号-是否可见_可见点</name>
    <pose>Unspecified</pose>
    <truncated>0</truncated>
    <difficult>0</difficult>
    <bndbox>
      <x1>313</x1>
      <y1>316</y1>
    </bndbox>
  </object>
  <object>
    <name>点-点序号_8-点序号-是否可见_可见点</name>
    <pose>Unspecified</pose>
    <truncated>0</truncated>
    <difficult>0</difficult>
    <bndbox>
      <x1>354</x1>
      <y1>347</y1>
    </bndbox>
  </object>
  <object>
    <name>点-点序号_9-点序号-是否可见_可见点</name>
    <pose>Unspecified</pose>
    <truncated>0</truncated>
    <difficult>0</difficult>
    <bndbox>
      <x1>286</x1>
      <y1>328</y1>
    </bndbox>
  </object>
  <object>
    <name>点-点序号_10-点序号-是否可见_可见点</name>
    <pose>Unspecified</pose>
    <truncated>0</truncated>
    <difficult>0</difficult>
    <bndbox>
      <x1>369</x1>
      <y1>418</y1>
    </bndbox>
  </object>
  <object>
    <name>点-点序号_12-点序号-是否可见_可见点</name>
    <pose>Unspecified</pose>
    <truncated>0</truncated>
    <difficult>0</difficult>
    <bndbox>
      <x1>317</x1>
      <y1>436</y1>
    </bndbox>
  </object>
  <object>
    <name>点-点序号_13-点序号-是否可见_可见点</name>
    <pose>Unspecified</pose>
    <truncated>0</truncated>
    <difficult>0</difficult>
    <bndbox>
      <x1>276</x1>
      <y1>439</y1>
    </bndbox>
  </object>
  <object>
    <name>点-点序号_14-点序号-是否可见_可见点</name>
    <pose>Unspecified</pose>
    <truncated>0</truncated>
    <difficult>0</difficult>
    <bndbox>
      <x1>297</x1>
      <y1>439</y1>
    </bndbox>
  </object>
  <object>
    <name>点-点序号_15-点序号-是否可见_可见点</name>
    <pose>Unspecified</pose>
    <truncated>0</truncated>
    <difficult>0</difficult>
    <bndbox>
      <x1>257</x1>
      <y1>451</y1>
    </bndbox>
  </object>
  <object>
    <name>点-点序号-点序号_16-是否可见_可见点</name>
    <pose>Unspecified</pose>
    <truncated>0</truncated>
    <difficult>0</difficult>
    <bndbox>
      <x1>352</x1>
      <y1>453</y1>
    </bndbox>
  </object>
  <object>
    <name>点-点序号-点序号_17-是否可见_可见点</name>
    <pose>Unspecified</pose>
    <truncated>0</truncated>
    <difficult>0</difficult>
    <bndbox>
      <x1>292</x1>
      <y1>455</y1>
    </bndbox>
  </object>
  <object>
    <name>点-点序号-点序号_18-是否可见_可见点</name>
    <pose>Unspecified</pose>
    <truncated>0</truncated>
    <difficult>0</difficult>
    <bndbox>
      <x1>326</x1>
      <y1>558</y1>
    </bndbox>
  </object>
  <object>
    <name>点-点序号-点序号_19-是否可见_可见点</name>
    <pose>Unspecified</pose>
    <truncated>0</truncated>
    <difficult>0</difficult>
    <bndbox>
      <x1>304</x1>
      <y1>558</y1>
    </bndbox>
  </object>
  <object>
    <name>点-点序号-点序号_20-是否可见_可见点</name>
    <pose>Unspecified</pose>
    <truncated>0</truncated>
    <difficult>0</difficult>
    <bndbox>
      <x1>355</x1>
      <y1>636</y1>
    </bndbox>
  </object>
  <object>
    <name>点-点序号-点序号_21-是否可见_可见点</name>
    <pose>Unspecified</pose>
    <truncated>0</truncated>
    <difficult>0</difficult>
    <bndbox>
      <x1>333</x1>
      <y1>641</y1>
    </bndbox>
  </object>
  <object>
    <name>点-点序号-点序号_22-是否可见_可见点</name>
    <pose>Unspecified</pose>
    <truncated>0</truncated>
    <difficult>0</difficult>
    <bndbox>
      <x1>334</x1>
      <y1>690</y1>
    </bndbox>
  </object>
  <object>
    <name>点-点序号-点序号_23-是否可见_可见点</name>
    <pose>Unspecified</pose>
    <truncated>0</truncated>
    <difficult>0</difficult>
    <bndbox>
      <x1>374</x1>
      <y1>656</y1>
    </bndbox>
  </object>
  <object>
    <name>点-点序号-点序号_24-是否可见_可见点</name>
    <pose>Unspecified</pose>
    <truncated>0</truncated>
    <difficult>0</difficult>
    <bndbox>
      <x1>280</x1>
      <y1>679</y1>
    </bndbox>
  </object>
  <object>
    <name>点-点序号_5-点序号-是否可见_不可见点</name>
    <pose>Unspecified</pose>
    <truncated>0</truncated>
    <difficult>0</difficult>
    <bndbox>
      <x1>298</x1>
      <y1>284</y1>
    </bndbox>
  </object>
  <object>
    <name>点-点序号_11-点序号-是否可见_不可见点</name>
    <pose>Unspecified</pose>
    <truncated>0</truncated>
    <difficult>0</difficult>
    <bndbox>
      <x1>291</x1>
      <y1>403</y1>
    </bndbox>
  </object>
</annotation>