{
  "version": "3.5.0",
  "flags": {},
  "shapes": [
    {
      "label": "人",
      "shape_type": "rectangle",
      "line_color": [
        253,
        79,
        215,
        128
      ],
      "fill_color": null,
      "points": [
        [
          100,
          895
        ],
        [
          1046,
          1536
        ]
      ]
    },
    {
      "label": "点-点序号_1-点序号-是否可见_可见点",
      "shape_type": "point",
      "line_color": [
        207,
        179,
        232,
        128
      ],
      "fill_color": null,
      "points": [
        [
          409,
          921
        ]
      ]
    },
    {
      "label": "点-点序号_2-点序号-是否可见_可见点",
      "shape_type": "point",
      "line_color": [
        207,
        179,
        232,
        128
      ],
      "fill_color": null,
      "points": [
        [
          435,
          994
        ]
      ]
    },
    {
      "label": "点-点序号_3-点序号-是否可见_可见点",
      "shape_type": "point",
      "line_color": [
        207,
        179,
        232,
        128
      ],
      "fill_color": null,
      "points": [
        [
          393,
          997
        ]
      ]
    },
    {
      "label": "点-点序号_4-点序号-是否可见_可见点",
      "shape_type": "point",
      "line_color": [
        207,
        179,
        232,
        128
      ],
      "fill_color": null,
      "points": [
        [
          459,
          1000
        ]
      ]
    },
    {
      "label": "点-点序号_5-点序号-是否可见_可见点",
      "shape_type": "point",
      "line_color": [
        207,
        179,
        232,
        128
      ],
      "fill_color": null,
      "points": [
        [
          350,
          1010
        ]
      ]
    },
    {
      "label": "点-点序号_6-点序号-是否可见_可见点",
      "shape_type": "point",
      "line_color": [
        207,
        179,
        232,
        128
      ],
      "fill_color": null,
      "points": [
        [
          418,
          1018
        ]
      ]
    },
    {
      "label": "点-点序号_7-点序号-是否可见_可见点",
      "shape_type": "point",
      "line_color": [
        207,
        179,
        232,
        128
      ],
      "fill_color": null,
      "points": [
        [
          415,
          1071
        ]
      ]
    },
    {
      "label": "点-点序号_8-点序号-是否可见_可见点",
      "shape_type": "point",
      "line_color": [
        207,
        179,
        232,
        128
      ],
      "fill_color": null,
      "points": [
        [
          496,
          1084
        ]
      ]
    },
    {
      "label": "点-点序号_9-点序号-是否可见_可见点",
      "shape_type": "point",
      "line_color": [
        207,
        179,
        232,
        128
      ],
      "fill_color": null,
      "points": [
        [
          307,
          1118
        ]
      ]
    },
    {
      "label": "点-点序号_10-点序号-是否可见_可见点",
      "shape_type": "point",
      "line_color": [
        207,
        179,
        232,
        128
      ],
      "fill_color": null,
      "points": [
        [
          509,
          1242
        ]
      ]
    },
    {
      "label": "点-点序号_11-点序号-是否可见_可见点",
      "shape_type": "point",
      "line_color": [
        207,
        179,
        232,
        128
      ],
      "fill_color": null,
      "points": [
        [
          274,
          1278
        ]
      ]
    },
    {
      "label": "点-点序号_12-点序号-是否可见_可见点",
      "shape_type": "point",
      "line_color": [
        207,
        179,
        232,
        128
      ],
      "fill_color": null,
      "points": [
        [
          537,
          1395
        ]
      ]
    },
    {
      "label": "点-点序号_13-点序号-是否可见_可见点",
      "shape_type": "point",
      "line_color": [
        207,
        179,
        232,
        128
      ],
      "fill_color": null,
      "points": [
        [
          185,
          1435
        ]
      ]
    },
    {
      "label": "点-点序号_14-点序号-是否可见_可见点",
      "shape_type": "point",
      "line_color": [
        207,
        179,
        232,
        128
      ],
      "fill_color": null,
      "points": [
        [
          540,
          1448
        ]
      ]
    },
    {
      "label": "点-点序号_15-点序号-是否可见_可见点",
      "shape_type": "point",
      "line_color": [
        207,
        179,
        232,
        128
      ],
      "fill_color": null,
      "points": [
        [
          152,
          1459
        ]
      ]
    },
    {
      "label": "点-点序号-点序号_16-是否可见_可见点",
      "shape_type": "point",
      "line_color": [
        207,
        179,
        232,
        128
      ],
      "fill_color": null,
      "points": [
        [
          504,
          1346
        ]
      ]
    },
    {
      "label": "点-点序号-点序号_17-是否可见_可见点",
      "shape_type": "point",
      "line_color": [
        207,
        179,
        232,
        128
      ],
      "fill_color": null,
      "points": [
        [
          345,
          1380
        ]
      ]
    },
    {
      "label": "点-点序号-点序号_18-是否可见_可见点",
      "shape_type": "point",
      "line_color": [
        207,
        179,
        232,
        128
      ],
      "fill_color": null,
      "points": [
        [
          687,
          1249
        ]
      ]
    },
    {
      "label": "点-点序号-点序号_19-是否可见_可见点",
      "shape_type": "point",
      "line_color": [
        207,
        179,
        232,
        128
      ],
      "fill_color": null,
      "points": [
        [
          336,
          1428
        ]
      ]
    },
    {
      "label": "点-点序号-点序号_20-是否可见_可见点",
      "shape_type": "point",
      "line_color": [
        207,
        179,
        232,
        128
      ],
      "fill_color": null,
      "points": [
        [
          896,
          1404
        ]
      ]
    },
    {
      "label": "点-点序号-点序号_21-是否可见_可见点",
      "shape_type": "point",
      "line_color": [
        207,
        179,
        232,
        128
      ],
      "fill_color": null,
      "points": [
        [
          532,
          1485
        ]
      ]
    },
    {
      "label": "点-点序号-点序号_22-是否可见_可见点",
      "shape_type": "point",
      "line_color": [
        207,
        179,
        232,
        128
      ],
      "fill_color": null,
      "points": [
        [
          1044,
          1418
        ]
      ]
    },
    {
      "label": "点-点序号-点序号_23-是否可见_可见点",
      "shape_type": "point",
      "line_color": [
        207,
        179,
        232,
        128
      ],
      "fill_color": null,
      "points": [
        [
          905,
          1483
        ]
      ]
    },
    {
      "label": "点-点序号-点序号_24-是否可见_可见点",
      "shape_type": "point",
      "line_color": [
        207,
        179,
        232,
        128
      ],
      "fill_color": null,
      "points": [
        [
          688,
          1467
        ]
      ]
    },
    {
      "label": "点-点序号-点序号_25-是否可见_可见点",
      "shape_type": "point",
      "line_color": [
        207,
        179,
        232,
        128
      ],
      "fill_color": null,
      "points": [
        [
          554,
          1417
        ]
      ]
    }
  ],
  "imgAttrLabel": null,
  "lineColor": [
    0,
    255,
    0,
    128
  ],
  "fillColor": [
    255,
    0,
    0,
    128
  ],
  "imagePath": "1 (4).jpg",
  "imageData": null
}