{
  "version": "3.5.0",
  "flags": {},
  "shapes": [
    {
      "label": "人",
      "shape_type": "rectangle",
      "line_color": [
        253,
        79,
        215,
        128
      ],
      "fill_color": null,
      "points": [
        [
          355,
          808
        ],
        [
          665,
          1783
        ]
      ]
    },
    {
      "label": "点-点序号_1-点序号-是否可见_可见点",
      "shape_type": "point",
      "line_color": [
        207,
        179,
        232,
        128
      ],
      "fill_color": null,
      "points": [
        [
          510,
          817
        ]
      ]
    },
    {
      "label": "点-点序号_2-点序号-是否可见_可见点",
      "shape_type": "point",
      "line_color": [
        207,
        179,
        232,
        128
      ],
      "fill_color": null,
      "points": [
        [
          517,
          847
        ]
      ]
    },
    {
      "label": "点-点序号_3-点序号-是否可见_可见点",
      "shape_type": "point",
      "line_color": [
        207,
        179,
        232,
        128
      ],
      "fill_color": null,
      "points": [
        [
          488,
          855
        ]
      ]
    },
    {
      "label": "点-点序号_6-点序号-是否可见_可见点",
      "shape_type": "point",
      "line_color": [
        207,
        179,
        232,
        128
      ],
      "fill_color": null,
      "points": [
        [
          497,
          863
        ]
      ]
    },
    {
      "label": "点-点序号_7-点序号-是否可见_可见点",
      "shape_type": "point",
      "line_color": [
        207,
        179,
        232,
        128
      ],
      "fill_color": null,
      "points": [
        [
          498,
          908
        ]
      ]
    },
    {
      "label": "点-点序号_8-点序号-是否可见_可见点",
      "shape_type": "point",
      "line_color": [
        207,
        179,
        232,
        128
      ],
      "fill_color": null,
      "points": [
        [
          589,
          953
        ]
      ]
    },
    {
      "label": "点-点序号_9-点序号-是否可见_可见点",
      "shape_type": "point",
      "line_color": [
        207,
        179,
        232,
        128
      ],
      "fill_color": null,
      "points": [
        [
          457,
          985
        ]
      ]
    },
    {
      "label": "点-点序号_10-点序号-是否可见_可见点",
      "shape_type": "point",
      "line_color": [
        207,
        179,
        232,
        128
      ],
      "fill_color": null,
      "points": [
        [
          606,
          1116
        ]
      ]
    },
    {
      "label": "点-点序号_11-点序号-是否可见_可见点",
      "shape_type": "point",
      "line_color": [
        207,
        179,
        232,
        128
      ],
      "fill_color": null,
      "points": [
        [
          443,
          1123
        ]
      ]
    },
    {
      "label": "点-点序号_12-点序号-是否可见_可见点",
      "shape_type": "point",
      "line_color": [
        207,
        179,
        232,
        128
      ],
      "fill_color": null,
      "points": [
        [
          578,
          1238
        ]
      ]
    },
    {
      "label": "点-点序号_13-点序号-是否可见_可见点",
      "shape_type": "point",
      "line_color": [
        207,
        179,
        232,
        128
      ],
      "fill_color": null,
      "points": [
        [
          415,
          1234
        ]
      ]
    },
    {
      "label": "点-点序号_14-点序号-是否可见_可见点",
      "shape_type": "point",
      "line_color": [
        207,
        179,
        232,
        128
      ],
      "fill_color": null,
      "points": [
        [
          573,
          1280
        ]
      ]
    },
    {
      "label": "点-点序号_15-点序号-是否可见_可见点",
      "shape_type": "point",
      "line_color": [
        207,
        179,
        232,
        128
      ],
      "fill_color": null,
      "points": [
        [
          390,
          1272
        ]
      ]
    },
    {
      "label": "点-点序号-点序号_16-是否可见_可见点",
      "shape_type": "point",
      "line_color": [
        207,
        179,
        232,
        128
      ],
      "fill_color": null,
      "points": [
        [
          593,
          1250
        ]
      ]
    },
    {
      "label": "点-点序号-点序号_17-是否可见_可见点",
      "shape_type": "point",
      "line_color": [
        207,
        179,
        232,
        128
      ],
      "fill_color": null,
      "points": [
        [
          440,
          1261
        ]
      ]
    },
    {
      "label": "点-点序号-点序号_18-是否可见_可见点",
      "shape_type": "point",
      "line_color": [
        207,
        179,
        232,
        128
      ],
      "fill_color": null,
      "points": [
        [
          577,
          1466
        ]
      ]
    },
    {
      "label": "点-点序号-点序号_19-是否可见_可见点",
      "shape_type": "point",
      "line_color": [
        207,
        179,
        232,
        128
      ],
      "fill_color": null,
      "points": [
        [
          462,
          1473
        ]
      ]
    },
    {
      "label": "点-点序号-点序号_20-是否可见_可见点",
      "shape_type": "point",
      "line_color": [
        207,
        179,
        232,
        128
      ],
      "fill_color": null,
      "points": [
        [
          615,
          1685
        ]
      ]
    },
    {
      "label": "点-点序号-点序号_21-是否可见_可见点",
      "shape_type": "point",
      "line_color": [
        207,
        179,
        232,
        128
      ],
      "fill_color": null,
      "points": [
        [
          458,
          1677
        ]
      ]
    },
    {
      "label": "点-点序号-点序号_22-是否可见_可见点",
      "shape_type": "point",
      "line_color": [
        207,
        179,
        232,
        128
      ],
      "fill_color": null,
      "points": [
        [
          560,
          1763
        ]
      ]
    },
    {
      "label": "点-点序号-点序号_23-是否可见_可见点",
      "shape_type": "point",
      "line_color": [
        207,
        179,
        232,
        128
      ],
      "fill_color": null,
      "points": [
        [
          662,
          1767
        ]
      ]
    },
    {
      "label": "点-点序号-点序号_24-是否可见_可见点",
      "shape_type": "point",
      "line_color": [
        207,
        179,
        232,
        128
      ],
      "fill_color": null,
      "points": [
        [
          357,
          1744
        ]
      ]
    },
    {
      "label": "点-点序号-点序号_25-是否可见_可见点",
      "shape_type": "point",
      "line_color": [
        207,
        179,
        232,
        128
      ],
      "fill_color": null,
      "points": [
        [
          493,
          1745
        ]
      ]
    },
    {
      "label": "点-点序号_4-点序号-是否可见_不可见点",
      "shape_type": "point",
      "line_color": [
        207,
        179,
        232,
        128
      ],
      "fill_color": null,
      "points": [
        [
          558,
          870
        ]
      ]
    },
    {
      "label": "点-点序号_5-点序号-是否可见_不可见点",
      "shape_type": "point",
      "line_color": [
        207,
        179,
        232,
        128
      ],
      "fill_color": null,
      "points": [
        [
          483,
          881
        ]
      ]
    }
  ],
  "imgAttrLabel": null,
  "lineColor": [
    0,
    255,
    0,
    128
  ],
  "fillColor": [
    255,
    0,
    0,
    128
  ],
  "imagePath": "1 (5).jpg",
  "imageData": null
}