<annotation>
  <folder>./ͼƬ</folder>
  <filename>ͼƬ/1 (7).jpg</filename>
  <path>./ͼƬ/1 (7).jpg</path>
  <source>
    <database>Unknown</database>
  </source>
  <size>
    <width>1920</width>
    <height>1080</height>
    <depth>3</depth>
  </size>
  <segmented>0</segmented>
  <object>
    <name>人</name>
    <pose>Unspecified</pose>
    <truncated>0</truncated>
    <difficult>0</difficult>
    <bndbox>
      <xmin>505</xmin>
      <ymin>210</ymin>
      <xmax>668</xmax>
      <ymax>943</ymax>
    </bndbox>
  </object>
  <object>
    <name>人</name>
    <pose>Unspecified</pose>
    <truncated>0</truncated>
    <difficult>0</difficult>
    <bndbox>
      <xmin>1250</xmin>
      <ymin>212</ymin>
      <xmax>1527</xmax>
      <ymax>950</ymax>
    </bndbox>
  </object>
  <object>
    <name>点-点序号_1-点序号-是否可见_可见点</name>
    <pose>Unspecified</pose>
    <truncated>0</truncated>
    <difficult>0</difficult>
    <bndbox>
      <x1>586</x1>
      <y1>222</y1>
    </bndbox>
  </object>
  <object>
    <name>点-点序号_2-点序号-是否可见_可见点</name>
    <pose>Unspecified</pose>
    <truncated>0</truncated>
    <difficult>0</difficult>
    <bndbox>
      <x1>597</x1>
      <y1>254</y1>
    </bndbox>
  </object>
  <object>
    <name>点-点序号_3-点序号-是否可见_可见点</name>
    <pose>Unspecified</pose>
    <truncated>0</truncated>
    <difficult>0</difficult>
    <bndbox>
      <x1>574</x1>
      <y1>253</y1>
    </bndbox>
  </object>
  <object>
    <name>点-点序号_4-点序号-是否可见_可见点</name>
    <pose>Unspecified</pose>
    <truncated>0</truncated>
    <difficult>0</difficult>
    <bndbox>
      <x1>617</x1>
      <y1>269</y1>
    </bndbox>
  </object>
  <object>
    <name>点-点序号_5-点序号-是否可见_可见点</name>
    <pose>Unspecified</pose>
    <truncated>0</truncated>
    <difficult>0</difficult>
    <bndbox>
      <x1>555</x1>
      <y1>270</y1>
    </bndbox>
  </object>
  <object>
    <name>点-点序号_6-点序号-是否可见_可见点</name>
    <pose>Unspecified</pose>
    <truncated>0</truncated>
    <difficult>0</difficult>
    <bndbox>
      <x1>586</x1>
      <y1>262</y1>
    </bndbox>
  </object>
  <object>
    <name>点-点序号_7-点序号-是否可见_可见点</name>
    <pose>Unspecified</pose>
    <truncated>0</truncated>
    <difficult>0</difficult>
    <bndbox>
      <x1>585</x1>
      <y1>298</y1>
    </bndbox>
  </object>
  <object>
    <name>点-点序号_8-点序号-是否可见_可见点</name>
    <pose>Unspecified</pose>
    <truncated>0</truncated>
    <difficult>0</difficult>
    <bndbox>
      <x1>651</x1>
      <y1>348</y1>
    </bndbox>
  </object>
  <object>
    <name>点-点序号_9-点序号-是否可见_可见点</name>
    <pose>Unspecified</pose>
    <truncated>0</truncated>
    <difficult>0</difficult>
    <bndbox>
      <x1>518</x1>
      <y1>348</y1>
    </bndbox>
  </object>
  <object>
    <name>点-点序号_10-点序号-是否可见_可见点</name>
    <pose>Unspecified</pose>
    <truncated>0</truncated>
    <difficult>0</difficult>
    <bndbox>
      <x1>642</x1>
      <y1>444</y1>
    </bndbox>
  </object>
  <object>
    <name>点-点序号_11-点序号-是否可见_可见点</name>
    <pose>Unspecified</pose>
    <truncated>0</truncated>
    <difficult>0</difficult>
    <bndbox>
      <x1>525</x1>
      <y1>438</y1>
    </bndbox>
  </object>
  <object>
    <name>点-点序号-点序号_16-是否可见_可见点</name>
    <pose>Unspecified</pose>
    <truncated>0</truncated>
    <difficult>0</difficult>
    <bndbox>
      <x1>627</x1>
      <y1>505</y1>
    </bndbox>
  </object>
  <object>
    <name>点-点序号-点序号_17-是否可见_可见点</name>
    <pose>Unspecified</pose>
    <truncated>0</truncated>
    <difficult>0</difficult>
    <bndbox>
      <x1>540</x1>
      <y1>507</y1>
    </bndbox>
  </object>
  <object>
    <name>点-点序号-点序号_18-是否可见_可见点</name>
    <pose>Unspecified</pose>
    <truncated>0</truncated>
    <difficult>0</difficult>
    <bndbox>
      <x1>602</x1>
      <y1>707</y1>
    </bndbox>
  </object>
  <object>
    <name>点-点序号-点序号_19-是否可见_可见点</name>
    <pose>Unspecified</pose>
    <truncated>0</truncated>
    <difficult>0</difficult>
    <bndbox>
      <x1>560</x1>
      <y1>706</y1>
    </bndbox>
  </object>
  <object>
    <name>点-点序号-点序号_20-是否可见_可见点</name>
    <pose>Unspecified</pose>
    <truncated>0</truncated>
    <difficult>0</difficult>
    <bndbox>
      <x1>598</x1>
      <y1>853</y1>
    </bndbox>
  </object>
  <object>
    <name>点-点序号-点序号_21-是否可见_可见点</name>
    <pose>Unspecified</pose>
    <truncated>0</truncated>
    <difficult>0</difficult>
    <bndbox>
      <x1>554</x1>
      <y1>854</y1>
    </bndbox>
  </object>
  <object>
    <name>点-点序号-点序号_22-是否可见_可见点</name>
    <pose>Unspecified</pose>
    <truncated>0</truncated>
    <difficult>0</difficult>
    <bndbox>
      <x1>587</x1>
      <y1>940</y1>
    </bndbox>
  </object>
  <object>
    <name>点-点序号-点序号_23-是否可见_可见点</name>
    <pose>Unspecified</pose>
    <truncated>0</truncated>
    <difficult>0</difficult>
    <bndbox>
      <x1>575</x1>
      <y1>878</y1>
    </bndbox>
  </object>
  <object>
    <name>点-点序号-点序号_24-是否可见_可见点</name>
    <pose>Unspecified</pose>
    <truncated>0</truncated>
    <difficult>0</difficult>
    <bndbox>
      <x1>548</x1>
      <y1>937</y1>
    </bndbox>
  </object>
  <object>
    <name>点-点序号-点序号_25-是否可见_可见点</name>
    <pose>Unspecified</pose>
    <truncated>0</truncated>
    <difficult>0</difficult>
    <bndbox>
      <x1>573</x1>
      <y1>876</y1>
    </bndbox>
  </object>
  <object>
    <name>点-点序号_1-点序号-是否可见_可见点</name>
    <pose>Unspecified</pose>
    <truncated>0</truncated>
    <difficult>0</difficult>
    <bndbox>
      <x1>1396</x1>
      <y1>226</y1>
    </bndbox>
  </object>
  <object>
    <name>点-点序号_2-点序号-是否可见_可见点</name>
    <pose>Unspecified</pose>
    <truncated>0</truncated>
    <difficult>0</difficult>
    <bndbox>
      <x1>1406</x1>
      <y1>255</y1>
    </bndbox>
  </object>
  <object>
    <name>点-点序号_3-点序号-是否可见_可见点</name>
    <pose>Unspecified</pose>
    <truncated>0</truncated>
    <difficult>0</difficult>
    <bndbox>
      <x1>1379</x1>
      <y1>255</y1>
    </bndbox>
  </object>
  <object>
    <name>点-点序号_4-点序号-是否可见_可见点</name>
    <pose>Unspecified</pose>
    <truncated>0</truncated>
    <difficult>0</difficult>
    <bndbox>
      <x1>1423</x1>
      <y1>274</y1>
    </bndbox>
  </object>
  <object>
    <name>点-点序号_5-点序号-是否可见_可见点</name>
    <pose>Unspecified</pose>
    <truncated>0</truncated>
    <difficult>0</difficult>
    <bndbox>
      <x1>1361</x1>
      <y1>273</y1>
    </bndbox>
  </object>
  <object>
    <name>点-点序号_6-点序号-是否可见_可见点</name>
    <pose>Unspecified</pose>
    <truncated>0</truncated>
    <difficult>0</difficult>
    <bndbox>
      <x1>1392</x1>
      <y1>267</y1>
    </bndbox>
  </object>
  <object>
    <name>点-点序号_7-点序号-是否可见_可见点</name>
    <pose>Unspecified</pose>
    <truncated>0</truncated>
    <difficult>0</difficult>
    <bndbox>
      <x1>1391</x1>
      <y1>300</y1>
    </bndbox>
  </object>
  <object>
    <name>点-点序号_8-点序号-是否可见_可见点</name>
    <pose>Unspecified</pose>
    <truncated>0</truncated>
    <difficult>0</difficult>
    <bndbox>
      <x1>1455</x1>
      <y1>353</y1>
    </bndbox>
  </object>
  <object>
    <name>点-点序号_9-点序号-是否可见_可见点</name>
    <pose>Unspecified</pose>
    <truncated>0</truncated>
    <difficult>0</difficult>
    <bndbox>
      <x1>1319</x1>
      <y1>344</y1>
    </bndbox>
  </object>
  <object>
    <name>点-点序号_10-点序号-是否可见_可见点</name>
    <pose>Unspecified</pose>
    <truncated>0</truncated>
    <difficult>0</difficult>
    <bndbox>
      <x1>1453</x1>
      <y1>453</y1>
    </bndbox>
  </object>
  <object>
    <name>点-点序号_11-点序号-是否可见_可见点</name>
    <pose>Unspecified</pose>
    <truncated>0</truncated>
    <difficult>0</difficult>
    <bndbox>
      <x1>1313</x1>
      <y1>452</y1>
    </bndbox>
  </object>
  <object>
    <name>点-点序号_12-点序号-是否可见_可见点</name>
    <pose>Unspecified</pose>
    <truncated>0</truncated>
    <difficult>0</difficult>
    <bndbox>
      <x1>1477</x1>
      <y1>542</y1>
    </bndbox>
  </object>
  <object>
    <name>点-点序号_13-点序号-是否可见_可见点</name>
    <pose>Unspecified</pose>
    <truncated>0</truncated>
    <difficult>0</difficult>
    <bndbox>
      <x1>1292</x1>
      <y1>534</y1>
    </bndbox>
  </object>
  <object>
    <name>点-点序号_14-点序号-是否可见_可见点</name>
    <pose>Unspecified</pose>
    <truncated>0</truncated>
    <difficult>0</difficult>
    <bndbox>
      <x1>1503</x1>
      <y1>562</y1>
    </bndbox>
  </object>
  <object>
    <name>点-点序号_15-点序号-是否可见_可见点</name>
    <pose>Unspecified</pose>
    <truncated>0</truncated>
    <difficult>0</difficult>
    <bndbox>
      <x1>1257</x1>
      <y1>539</y1>
    </bndbox>
  </object>
  <object>
    <name>点-点序号-点序号_16-是否可见_可见点</name>
    <pose>Unspecified</pose>
    <truncated>0</truncated>
    <difficult>0</difficult>
    <bndbox>
      <x1>1438</x1>
      <y1>530</y1>
    </bndbox>
  </object>
  <object>
    <name>点-点序号-点序号_17-是否可见_可见点</name>
    <pose>Unspecified</pose>
    <truncated>0</truncated>
    <difficult>0</difficult>
    <bndbox>
      <x1>1332</x1>
      <y1>530</y1>
    </bndbox>
  </object>
  <object>
    <name>点-点序号-点序号_18-是否可见_可见点</name>
    <pose>Unspecified</pose>
    <truncated>0</truncated>
    <difficult>0</difficult>
    <bndbox>
      <x1>1403</x1>
      <y1>713</y1>
    </bndbox>
  </object>
  <object>
    <name>点-点序号-点序号_19-是否可见_可见点</name>
    <pose>Unspecified</pose>
    <truncated>0</truncated>
    <difficult>0</difficult>
    <bndbox>
      <x1>1361</x1>
      <y1>710</y1>
    </bndbox>
  </object>
  <object>
    <name>点-点序号-点序号_20-是否可见_可见点</name>
    <pose>Unspecified</pose>
    <truncated>0</truncated>
    <difficult>0</difficult>
    <bndbox>
      <x1>1396</x1>
      <y1>864</y1>
    </bndbox>
  </object>
  <object>
    <name>点-点序号-点序号_21-是否可见_可见点</name>
    <pose>Unspecified</pose>
    <truncated>0</truncated>
    <difficult>0</difficult>
    <bndbox>
      <x1>1353</x1>
      <y1>867</y1>
    </bndbox>
  </object>
  <object>
    <name>点-点序号-点序号_22-是否可见_可见点</name>
    <pose>Unspecified</pose>
    <truncated>0</truncated>
    <difficult>0</difficult>
    <bndbox>
      <x1>1393</x1>
      <y1>948</y1>
    </bndbox>
  </object>
  <object>
    <name>点-点序号-点序号_23-是否可见_可见点</name>
    <pose>Unspecified</pose>
    <truncated>0</truncated>
    <difficult>0</difficult>
    <bndbox>
      <x1>1377</x1>
      <y1>881</y1>
    </bndbox>
  </object>
  <object>
    <name>点-点序号-点序号_24-是否可见_可见点</name>
    <pose>Unspecified</pose>
    <truncated>0</truncated>
    <difficult>0</difficult>
    <bndbox>
      <x1>1347</x1>
      <y1>947</y1>
    </bndbox>
  </object>
  <object>
    <name>点-点序号-点序号_25-是否可见_可见点</name>
    <pose>Unspecified</pose>
    <truncated>0</truncated>
    <difficult>0</difficult>
    <bndbox>
      <x1>1369</x1>
      <y1>881</y1>
    </bndbox>
  </object>
  <object>
    <name>点-点序号_12-点序号-是否可见_不可见点</name>
    <pose>Unspecified</pose>
    <truncated>0</truncated>
    <difficult>0</difficult>
    <bndbox>
      <x1>637</x1>
      <y1>502</y1>
    </bndbox>
  </object>
  <object>
    <name>点-点序号_13-点序号-是否可见_不可见点</name>
    <pose>Unspecified</pose>
    <truncated>0</truncated>
    <difficult>0</difficult>
    <bndbox>
      <x1>540</x1>
      <y1>495</y1>
    </bndbox>
  </object>
  <object>
    <name>点-点序号_14-点序号-是否可见_不可见点</name>
    <pose>Unspecified</pose>
    <truncated>0</truncated>
    <difficult>0</difficult>
    <bndbox>
      <x1>635</x1>
      <y1>509</y1>
    </bndbox>
  </object>
  <object>
    <name>点-点序号_15-点序号-是否可见_不可见点</name>
    <pose>Unspecified</pose>
    <truncated>0</truncated>
    <difficult>0</difficult>
    <bndbox>
      <x1>544</x1>
      <y1>501</y1>
    </bndbox>
  </object>
</annotation>