{
  "version": "3.5.0",
  "flags": {},
  "shapes": [
    {
      "label": "人",
      "shape_type": "rectangle",
      "line_color": [
        253,
        79,
        215,
        128
      ],
      "fill_color": null,
      "points": [
        [
          240,
          40
        ],
        [
          735,
          1016
        ]
      ]
    },
    {
      "label": "足球",
      "shape_type": "rectangle",
      "line_color": [
        246,
        8,
        52,
        128
      ],
      "fill_color": null,
      "points": [
        [
          270,
          898
        ],
        [
          400,
          1026
        ]
      ]
    },
    {
      "label": "点-点序号_1-点序号-是否可见_可见点",
      "shape_type": "point",
      "line_color": [
        207,
        179,
        232,
        128
      ],
      "fill_color": null,
      "points": [
        [
          301,
          75
        ]
      ]
    },
    {
      "label": "点-点序号_2-点序号-是否可见_可见点",
      "shape_type": "point",
      "line_color": [
        207,
        179,
        232,
        128
      ],
      "fill_color": null,
      "points": [
        [
          308,
          129
        ]
      ]
    },
    {
      "label": "点-点序号_3-点序号-是否可见_可见点",
      "shape_type": "point",
      "line_color": [
        207,
        179,
        232,
        128
      ],
      "fill_color": null,
      "points": [
        [
          281,
          127
        ]
      ]
    },
    {
      "label": "点-点序号_4-点序号-是否可见_可见点",
      "shape_type": "point",
      "line_color": [
        207,
        179,
        232,
        128
      ],
      "fill_color": null,
      "points": [
        [
          372,
          128
        ]
      ]
    },
    {
      "label": "点-点序号_6-点序号-是否可见_可见点",
      "shape_type": "point",
      "line_color": [
        207,
        179,
        232,
        128
      ],
      "fill_color": null,
      "points": [
        [
          285,
          154
        ]
      ]
    },
    {
      "label": "点-点序号_7-点序号-是否可见_可见点",
      "shape_type": "point",
      "line_color": [
        207,
        179,
        232,
        128
      ],
      "fill_color": null,
      "points": [
        [
          308,
          197
        ]
      ]
    },
    {
      "label": "点-点序号_8-点序号-是否可见_可见点",
      "shape_type": "point",
      "line_color": [
        207,
        179,
        232,
        128
      ],
      "fill_color": null,
      "points": [
        [
          459,
          214
        ]
      ]
    },
    {
      "label": "点-点序号_9-点序号-是否可见_可见点",
      "shape_type": "point",
      "line_color": [
        207,
        179,
        232,
        128
      ],
      "fill_color": null,
      "points": [
        [
          274,
          241
        ]
      ]
    },
    {
      "label": "点-点序号_10-点序号-是否可见_可见点",
      "shape_type": "point",
      "line_color": [
        207,
        179,
        232,
        128
      ],
      "fill_color": null,
      "points": [
        [
          574,
          323
        ]
      ]
    },
    {
      "label": "点-点序号_11-点序号-是否可见_可见点",
      "shape_type": "point",
      "line_color": [
        207,
        179,
        232,
        128
      ],
      "fill_color": null,
      "points": [
        [
          283,
          358
        ]
      ]
    },
    {
      "label": "点-点序号_12-点序号-是否可见_可见点",
      "shape_type": "point",
      "line_color": [
        207,
        179,
        232,
        128
      ],
      "fill_color": null,
      "points": [
        [
          529,
          404
        ]
      ]
    },
    {
      "label": "点-点序号_13-点序号-是否可见_可见点",
      "shape_type": "point",
      "line_color": [
        207,
        179,
        232,
        128
      ],
      "fill_color": null,
      "points": [
        [
          254,
          458
        ]
      ]
    },
    {
      "label": "点-点序号_14-点序号-是否可见_可见点",
      "shape_type": "point",
      "line_color": [
        207,
        179,
        232,
        128
      ],
      "fill_color": null,
      "points": [
        [
          519,
          423
        ]
      ]
    },
    {
      "label": "点-点序号_15-点序号-是否可见_可见点",
      "shape_type": "point",
      "line_color": [
        207,
        179,
        232,
        128
      ],
      "fill_color": null,
      "points": [
        [
          242,
          509
        ]
      ]
    },
    {
      "label": "点-点序号-点序号_16-是否可见_可见点",
      "shape_type": "point",
      "line_color": [
        207,
        179,
        232,
        128
      ],
      "fill_color": null,
      "points": [
        [
          508,
          513
        ]
      ]
    },
    {
      "label": "点-点序号-点序号_17-是否可见_可见点",
      "shape_type": "point",
      "line_color": [
        207,
        179,
        232,
        128
      ],
      "fill_color": null,
      "points": [
        [
          327,
          514
        ]
      ]
    },
    {
      "label": "点-点序号-点序号_18-是否可见_可见点",
      "shape_type": "point",
      "line_color": [
        207,
        179,
        232,
        128
      ],
      "fill_color": null,
      "points": [
        [
          565,
          746
        ]
      ]
    },
    {
      "label": "点-点序号-点序号_19-是否可见_可见点",
      "shape_type": "point",
      "line_color": [
        207,
        179,
        232,
        128
      ],
      "fill_color": null,
      "points": [
        [
          328,
          667
        ]
      ]
    },
    {
      "label": "点-点序号-点序号_20-是否可见_可见点",
      "shape_type": "point",
      "line_color": [
        207,
        179,
        232,
        128
      ],
      "fill_color": null,
      "points": [
        [
          665,
          907
        ]
      ]
    },
    {
      "label": "点-点序号-点序号_21-是否可见_可见点",
      "shape_type": "point",
      "line_color": [
        207,
        179,
        232,
        128
      ],
      "fill_color": null,
      "points": [
        [
          419,
          887
        ]
      ]
    },
    {
      "label": "点-点序号-点序号_22-是否可见_可见点",
      "shape_type": "point",
      "line_color": [
        207,
        179,
        232,
        128
      ],
      "fill_color": null,
      "points": [
        [
          707,
          1011
        ]
      ]
    },
    {
      "label": "点-点序号-点序号_24-是否可见_可见点",
      "shape_type": "point",
      "line_color": [
        207,
        179,
        232,
        128
      ],
      "fill_color": null,
      "points": [
        [
          471,
          983
        ]
      ]
    },
    {
      "label": "点-点序号-点序号_25-是否可见_可见点",
      "shape_type": "point",
      "line_color": [
        207,
        179,
        232,
        128
      ],
      "fill_color": null,
      "points": [
        [
          476,
          915
        ]
      ]
    },
    {
      "label": "点-点序号_5-点序号-是否可见_不可见点",
      "shape_type": "point",
      "line_color": [
        207,
        179,
        232,
        128
      ],
      "fill_color": null,
      "points": [
        [
          282,
          137
        ]
      ]
    }
  ],
  "imgAttrLabel": null,
  "lineColor": [
    0,
    255,
    0,
    128
  ],
  "fillColor": [
    255,
    0,
    0,
    128
  ],
  "imagePath": "1 (8).jpg",
  "imageData": null
}