<annotation>
  <folder>./ͼƬ</folder>
  <filename>ͼƬ/1 (9).jpg</filename>
  <path>./ͼƬ/1 (9).jpg</path>
  <source>
    <database>Unknown</database>
  </source>
  <size>
    <width>608</width>
    <height>899</height>
    <depth>3</depth>
  </size>
  <segmented>0</segmented>
  <object>
    <name>人</name>
    <pose>Unspecified</pose>
    <truncated>0</truncated>
    <difficult>0</difficult>
    <bndbox>
      <xmin>4</xmin>
      <ymin>189</ymin>
      <xmax>575</xmax>
      <ymax>867</ymax>
    </bndbox>
  </object>
  <object>
    <name>篮球</name>
    <pose>Unspecified</pose>
    <truncated>0</truncated>
    <difficult>0</difficult>
    <bndbox>
      <xmin>393</xmin>
      <ymin>645</ymin>
      <xmax>599</xmax>
      <ymax>852</ymax>
    </bndbox>
  </object>
  <object>
    <name>点-点序号_1-点序号-是否可见_可见点</name>
    <pose>Unspecified</pose>
    <truncated>0</truncated>
    <difficult>0</difficult>
    <bndbox>
      <x1>213</x1>
      <y1>218</y1>
    </bndbox>
  </object>
  <object>
    <name>点-点序号_2-点序号-是否可见_可见点</name>
    <pose>Unspecified</pose>
    <truncated>0</truncated>
    <difficult>0</difficult>
    <bndbox>
      <x1>244</x1>
      <y1>278</y1>
    </bndbox>
  </object>
  <object>
    <name>点-点序号_3-点序号-是否可见_可见点</name>
    <pose>Unspecified</pose>
    <truncated>0</truncated>
    <difficult>0</difficult>
    <bndbox>
      <x1>200</x1>
      <y1>290</y1>
    </bndbox>
  </object>
  <object>
    <name>点-点序号_4-点序号-是否可见_可见点</name>
    <pose>Unspecified</pose>
    <truncated>0</truncated>
    <difficult>0</difficult>
    <bndbox>
      <x1>283</x1>
      <y1>281</y1>
    </bndbox>
  </object>
  <object>
    <name>点-点序号_6-点序号-是否可见_可见点</name>
    <pose>Unspecified</pose>
    <truncated>0</truncated>
    <difficult>0</difficult>
    <bndbox>
      <x1>228</x1>
      <y1>313</y1>
    </bndbox>
  </object>
  <object>
    <name>点-点序号_7-点序号-是否可见_可见点</name>
    <pose>Unspecified</pose>
    <truncated>0</truncated>
    <difficult>0</difficult>
    <bndbox>
      <x1>241</x1>
      <y1>358</y1>
    </bndbox>
  </object>
  <object>
    <name>点-点序号_8-点序号-是否可见_可见点</name>
    <pose>Unspecified</pose>
    <truncated>0</truncated>
    <difficult>0</difficult>
    <bndbox>
      <x1>363</x1>
      <y1>404</y1>
    </bndbox>
  </object>
  <object>
    <name>点-点序号_9-点序号-是否可见_可见点</name>
    <pose>Unspecified</pose>
    <truncated>0</truncated>
    <difficult>0</difficult>
    <bndbox>
      <x1>157</x1>
      <y1>427</y1>
    </bndbox>
  </object>
  <object>
    <name>点-点序号_10-点序号-是否可见_可见点</name>
    <pose>Unspecified</pose>
    <truncated>0</truncated>
    <difficult>0</difficult>
    <bndbox>
      <x1>416</x1>
      <y1>519</y1>
    </bndbox>
  </object>
  <object>
    <name>点-点序号_11-点序号-是否可见_可见点</name>
    <pose>Unspecified</pose>
    <truncated>0</truncated>
    <difficult>0</difficult>
    <bndbox>
      <x1>168</x1>
      <y1>598</y1>
    </bndbox>
  </object>
  <object>
    <name>点-点序号_12-点序号-是否可见_可见点</name>
    <pose>Unspecified</pose>
    <truncated>0</truncated>
    <difficult>0</difficult>
    <bndbox>
      <x1>492</x1>
      <y1>603</y1>
    </bndbox>
  </object>
  <object>
    <name>点-点序号_13-点序号-是否可见_可见点</name>
    <pose>Unspecified</pose>
    <truncated>0</truncated>
    <difficult>0</difficult>
    <bndbox>
      <x1>202</x1>
      <y1>690</y1>
    </bndbox>
  </object>
  <object>
    <name>点-点序号_14-点序号-是否可见_可见点</name>
    <pose>Unspecified</pose>
    <truncated>0</truncated>
    <difficult>0</difficult>
    <bndbox>
      <x1>546</x1>
      <y1>611</y1>
    </bndbox>
  </object>
  <object>
    <name>点-点序号_15-点序号-是否可见_可见点</name>
    <pose>Unspecified</pose>
    <truncated>0</truncated>
    <difficult>0</difficult>
    <bndbox>
      <x1>214</x1>
      <y1>705</y1>
    </bndbox>
  </object>
  <object>
    <name>点-点序号-点序号_16-是否可见_可见点</name>
    <pose>Unspecified</pose>
    <truncated>0</truncated>
    <difficult>0</difficult>
    <bndbox>
      <x1>334</x1>
      <y1>682</y1>
    </bndbox>
  </object>
  <object>
    <name>点-点序号-点序号_17-是否可见_可见点</name>
    <pose>Unspecified</pose>
    <truncated>0</truncated>
    <difficult>0</difficult>
    <bndbox>
      <x1>169</x1>
      <y1>694</y1>
    </bndbox>
  </object>
  <object>
    <name>点-点序号-点序号_18-是否可见_可见点</name>
    <pose>Unspecified</pose>
    <truncated>0</truncated>
    <difficult>0</difficult>
    <bndbox>
      <x1>476</x1>
      <y1>621</y1>
    </bndbox>
  </object>
  <object>
    <name>点-点序号-点序号_19-是否可见_可见点</name>
    <pose>Unspecified</pose>
    <truncated>0</truncated>
    <difficult>0</difficult>
    <bndbox>
      <x1>26</x1>
      <y1>665</y1>
    </bndbox>
  </object>
  <object>
    <name>点-点序号-点序号_20-是否可见_可见点</name>
    <pose>Unspecified</pose>
    <truncated>0</truncated>
    <difficult>0</difficult>
    <bndbox>
      <x1>234</x1>
      <y1>791</y1>
    </bndbox>
  </object>
  <object>
    <name>点-点序号-点序号_22-是否可见_可见点</name>
    <pose>Unspecified</pose>
    <truncated>0</truncated>
    <difficult>0</difficult>
    <bndbox>
      <x1>104</x1>
      <y1>798</y1>
    </bndbox>
  </object>
  <object>
    <name>点-点序号-点序号_24-是否可见_可见点</name>
    <pose>Unspecified</pose>
    <truncated>0</truncated>
    <difficult>0</difficult>
    <bndbox>
      <x1>367</x1>
      <y1>776</y1>
    </bndbox>
  </object>
  <object>
    <name>点-点序号-点序号_25-是否可见_可见点</name>
    <pose>Unspecified</pose>
    <truncated>0</truncated>
    <difficult>0</difficult>
    <bndbox>
      <x1>386</x1>
      <y1>796</y1>
    </bndbox>
  </object>
  <object>
    <name>点-点序号_5-点序号-是否可见_不可见点</name>
    <pose>Unspecified</pose>
    <truncated>0</truncated>
    <difficult>0</difficult>
    <bndbox>
      <x1>179</x1>
      <y1>311</y1>
    </bndbox>
  </object>
  <object>
    <name>点-点序号-点序号_21-是否可见_不可见点</name>
    <pose>Unspecified</pose>
    <truncated>0</truncated>
    <difficult>0</difficult>
    <bndbox>
      <x1>279</x1>
      <y1>769</y1>
    </bndbox>
  </object>
</annotation>