{
  "version": "3.5.0",
  "flags": {},
  "shapes": [
    {
      "label": "人",
      "shape_type": "rectangle",
      "line_color": [
        253,
        79,
        215,
        128
      ],
      "fill_color": null,
      "points": [
        [
          359,
          259
        ],
        [
          737,
          998
        ]
      ]
    },
    {
      "label": "人",
      "shape_type": "rectangle",
      "line_color": [
        253,
        79,
        215,
        128
      ],
      "fill_color": null,
      "points": [
        [
          1170,
          187
        ],
        [
          1539,
          1015
        ]
      ]
    },
    {
      "label": "点-点序号_1-点序号-是否可见_可见点",
      "shape_type": "point",
      "line_color": [
        207,
        179,
        232,
        128
      ],
      "fill_color": null,
      "points": [
        [
          552,
          268
        ]
      ]
    },
    {
      "label": "点-点序号_2-点序号-是否可见_可见点",
      "shape_type": "point",
      "line_color": [
        207,
        179,
        232,
        128
      ],
      "fill_color": null,
      "points": [
        [
          563,
          301
        ]
      ]
    },
    {
      "label": "点-点序号_3-点序号-是否可见_可见点",
      "shape_type": "point",
      "line_color": [
        207,
        179,
        232,
        128
      ],
      "fill_color": null,
      "points": [
        [
          537,
          300
        ]
      ]
    },
    {
      "label": "点-点序号_4-点序号-是否可见_可见点",
      "shape_type": "point",
      "line_color": [
        207,
        179,
        232,
        128
      ],
      "fill_color": null,
      "points": [
        [
          580,
          319
        ]
      ]
    },
    {
      "label": "点-点序号_5-点序号-是否可见_可见点",
      "shape_type": "point",
      "line_color": [
        207,
        179,
        232,
        128
      ],
      "fill_color": null,
      "points": [
        [
          517,
          324
        ]
      ]
    },
    {
      "label": "点-点序号_6-点序号-是否可见_可见点",
      "shape_type": "point",
      "line_color": [
        207,
        179,
        232,
        128
      ],
      "fill_color": null,
      "points": [
        [
          550,
          311
        ]
      ]
    },
    {
      "label": "点-点序号_7-点序号-是否可见_可见点",
      "shape_type": "point",
      "line_color": [
        207,
        179,
        232,
        128
      ],
      "fill_color": null,
      "points": [
        [
          548,
          343
        ]
      ]
    },
    {
      "label": "点-点序号_8-点序号-是否可见_可见点",
      "shape_type": "point",
      "line_color": [
        207,
        179,
        232,
        128
      ],
      "fill_color": null,
      "points": [
        [
          611,
          398
        ]
      ]
    },
    {
      "label": "点-点序号_9-点序号-是否可见_可见点",
      "shape_type": "point",
      "line_color": [
        207,
        179,
        232,
        128
      ],
      "fill_color": null,
      "points": [
        [
          480,
          391
        ]
      ]
    },
    {
      "label": "点-点序号_10-点序号-是否可见_可见点",
      "shape_type": "point",
      "line_color": [
        207,
        179,
        232,
        128
      ],
      "fill_color": null,
      "points": [
        [
          691,
          483
        ]
      ]
    },
    {
      "label": "点-点序号_11-点序号-是否可见_可见点",
      "shape_type": "point",
      "line_color": [
        207,
        179,
        232,
        128
      ],
      "fill_color": null,
      "points": [
        [
          383,
          470
        ]
      ]
    },
    {
      "label": "点-点序号_12-点序号-是否可见_可见点",
      "shape_type": "point",
      "line_color": [
        207,
        179,
        232,
        128
      ],
      "fill_color": null,
      "points": [
        [
          623,
          529
        ]
      ]
    },
    {
      "label": "点-点序号_14-点序号-是否可见_可见点",
      "shape_type": "point",
      "line_color": [
        207,
        179,
        232,
        128
      ],
      "fill_color": null,
      "points": [
        [
          590,
          544
        ]
      ]
    },
    {
      "label": "点-点序号_15-点序号-是否可见_可见点",
      "shape_type": "point",
      "line_color": [
        207,
        179,
        232,
        128
      ],
      "fill_color": null,
      "points": [
        [
          496,
          544
        ]
      ]
    },
    {
      "label": "点-点序号-点序号_16-是否可见_可见点",
      "shape_type": "point",
      "line_color": [
        207,
        179,
        232,
        128
      ],
      "fill_color": null,
      "points": [
        [
          598,
          578
        ]
      ]
    },
    {
      "label": "点-点序号-点序号_17-是否可见_可见点",
      "shape_type": "point",
      "line_color": [
        207,
        179,
        232,
        128
      ],
      "fill_color": null,
      "points": [
        [
          493,
          575
        ]
      ]
    },
    {
      "label": "点-点序号-点序号_18-是否可见_可见点",
      "shape_type": "point",
      "line_color": [
        207,
        179,
        232,
        128
      ],
      "fill_color": null,
      "points": [
        [
          615,
          779
        ]
      ]
    },
    {
      "label": "点-点序号-点序号_19-是否可见_可见点",
      "shape_type": "point",
      "line_color": [
        207,
        179,
        232,
        128
      ],
      "fill_color": null,
      "points": [
        [
          458,
          771
        ]
      ]
    },
    {
      "label": "点-点序号-点序号_20-是否可见_可见点",
      "shape_type": "point",
      "line_color": [
        207,
        179,
        232,
        128
      ],
      "fill_color": null,
      "points": [
        [
          697,
          913
        ]
      ]
    },
    {
      "label": "点-点序号-点序号_21-是否可见_可见点",
      "shape_type": "point",
      "line_color": [
        207,
        179,
        232,
        128
      ],
      "fill_color": null,
      "points": [
        [
          400,
          913
        ]
      ]
    },
    {
      "label": "点-点序号-点序号_22-是否可见_可见点",
      "shape_type": "point",
      "line_color": [
        207,
        179,
        232,
        128
      ],
      "fill_color": null,
      "points": [
        [
          712,
          995
        ]
      ]
    },
    {
      "label": "点-点序号-点序号_24-是否可见_可见点",
      "shape_type": "point",
      "line_color": [
        207,
        179,
        232,
        128
      ],
      "fill_color": null,
      "points": [
        [
          380,
          994
        ]
      ]
    },
    {
      "label": "点-点序号-点序号_25-是否可见_可见点",
      "shape_type": "point",
      "line_color": [
        207,
        179,
        232,
        128
      ],
      "fill_color": null,
      "points": [
        [
          415,
          944
        ]
      ]
    },
    {
      "label": "点-点序号_1-点序号-是否可见_可见点",
      "shape_type": "point",
      "line_color": [
        207,
        179,
        232,
        128
      ],
      "fill_color": null,
      "points": [
        [
          1364,
          203
        ]
      ]
    },
    {
      "label": "点-点序号_2-点序号-是否可见_可见点",
      "shape_type": "point",
      "line_color": [
        207,
        179,
        232,
        128
      ],
      "fill_color": null,
      "points": [
        [
          1377,
          237
        ]
      ]
    },
    {
      "label": "点-点序号_3-点序号-是否可见_可见点",
      "shape_type": "point",
      "line_color": [
        207,
        179,
        232,
        128
      ],
      "fill_color": null,
      "points": [
        [
          1350,
          237
        ]
      ]
    },
    {
      "label": "点-点序号_4-点序号-是否可见_可见点",
      "shape_type": "point",
      "line_color": [
        207,
        179,
        232,
        128
      ],
      "fill_color": null,
      "points": [
        [
          1396,
          255
        ]
      ]
    },
    {
      "label": "点-点序号_5-点序号-是否可见_可见点",
      "shape_type": "point",
      "line_color": [
        207,
        179,
        232,
        128
      ],
      "fill_color": null,
      "points": [
        [
          1332,
          255
        ]
      ]
    },
    {
      "label": "点-点序号_6-点序号-是否可见_可见点",
      "shape_type": "point",
      "line_color": [
        207,
        179,
        232,
        128
      ],
      "fill_color": null,
      "points": [
        [
          1362,
          249
        ]
      ]
    },
    {
      "label": "点-点序号_7-点序号-是否可见_可见点",
      "shape_type": "point",
      "line_color": [
        207,
        179,
        232,
        128
      ],
      "fill_color": null,
      "points": [
        [
          1360,
          285
        ]
      ]
    },
    {
      "label": "点-点序号_8-点序号-是否可见_可见点",
      "shape_type": "point",
      "line_color": [
        207,
        179,
        232,
        128
      ],
      "fill_color": null,
      "points": [
        [
          1434,
          331
        ]
      ]
    },
    {
      "label": "点-点序号_9-点序号-是否可见_可见点",
      "shape_type": "point",
      "line_color": [
        207,
        179,
        232,
        128
      ],
      "fill_color": null,
      "points": [
        [
          1286,
          322
        ]
      ]
    },
    {
      "label": "点-点序号_10-点序号-是否可见_可见点",
      "shape_type": "point",
      "line_color": [
        207,
        179,
        232,
        128
      ],
      "fill_color": null,
      "points": [
        [
          1437,
          450
        ]
      ]
    },
    {
      "label": "点-点序号_11-点序号-是否可见_可见点",
      "shape_type": "point",
      "line_color": [
        207,
        179,
        232,
        128
      ],
      "fill_color": null,
      "points": [
        [
          1273,
          439
        ]
      ]
    },
    {
      "label": "点-点序号_12-点序号-是否可见_可见点",
      "shape_type": "point",
      "line_color": [
        207,
        179,
        232,
        128
      ],
      "fill_color": null,
      "points": [
        [
          1491,
          523
        ]
      ]
    },
    {
      "label": "点-点序号_13-点序号-是否可见_可见点",
      "shape_type": "point",
      "line_color": [
        207,
        179,
        232,
        128
      ],
      "fill_color": null,
      "points": [
        [
          1218,
          511
        ]
      ]
    },
    {
      "label": "点-点序号_14-点序号-是否可见_可见点",
      "shape_type": "point",
      "line_color": [
        207,
        179,
        232,
        128
      ],
      "fill_color": null,
      "points": [
        [
          1526,
          551
        ]
      ]
    },
    {
      "label": "点-点序号_15-点序号-是否可见_可见点",
      "shape_type": "point",
      "line_color": [
        207,
        179,
        232,
        128
      ],
      "fill_color": null,
      "points": [
        [
          1178,
          540
        ]
      ]
    },
    {
      "label": "点-点序号-点序号_16-是否可见_可见点",
      "shape_type": "point",
      "line_color": [
        207,
        179,
        232,
        128
      ],
      "fill_color": null,
      "points": [
        [
          1416,
          526
        ]
      ]
    },
    {
      "label": "点-点序号-点序号_17-是否可见_可见点",
      "shape_type": "point",
      "line_color": [
        207,
        179,
        232,
        128
      ],
      "fill_color": null,
      "points": [
        [
          1293,
          528
        ]
      ]
    },
    {
      "label": "点-点序号-点序号_18-是否可见_可见点",
      "shape_type": "point",
      "line_color": [
        207,
        179,
        232,
        128
      ],
      "fill_color": null,
      "points": [
        [
          1398,
          736
        ]
      ]
    },
    {
      "label": "点-点序号-点序号_19-是否可见_可见点",
      "shape_type": "point",
      "line_color": [
        207,
        179,
        232,
        128
      ],
      "fill_color": null,
      "points": [
        [
          1295,
          735
        ]
      ]
    },
    {
      "label": "点-点序号-点序号_20-是否可见_可见点",
      "shape_type": "point",
      "line_color": [
        207,
        179,
        232,
        128
      ],
      "fill_color": null,
      "points": [
        [
          1445,
          912
        ]
      ]
    },
    {
      "label": "点-点序号-点序号_21-是否可见_可见点",
      "shape_type": "point",
      "line_color": [
        207,
        179,
        232,
        128
      ],
      "fill_color": null,
      "points": [
        [
          1282,
          913
        ]
      ]
    },
    {
      "label": "点-点序号-点序号_22-是否可见_可见点",
      "shape_type": "point",
      "line_color": [
        207,
        179,
        232,
        128
      ],
      "fill_color": null,
      "points": [
        [
          1458,
          1010
        ]
      ]
    },
    {
      "label": "点-点序号-点序号_23-是否可见_可见点",
      "shape_type": "point",
      "line_color": [
        207,
        179,
        232,
        128
      ],
      "fill_color": null,
      "points": [
        [
          1477,
          920
        ]
      ]
    },
    {
      "label": "点-点序号-点序号_24-是否可见_可见点",
      "shape_type": "point",
      "line_color": [
        207,
        179,
        232,
        128
      ],
      "fill_color": null,
      "points": [
        [
          1273,
          1007
        ]
      ]
    },
    {
      "label": "点-点序号-点序号_25-是否可见_可见点",
      "shape_type": "point",
      "line_color": [
        207,
        179,
        232,
        128
      ],
      "fill_color": null,
      "points": [
        [
          1256,
          931
        ]
      ]
    },
    {
      "label": "点-点序号_13-点序号-是否可见_不可见点",
      "shape_type": "point",
      "line_color": [
        207,
        179,
        232,
        128
      ],
      "fill_color": null,
      "points": [
        [
          471,
          530
        ]
      ]
    }
  ],
  "imgAttrLabel": null,
  "lineColor": [
    0,
    255,
    0,
    128
  ],
  "fillColor": [
    255,
    0,
    0,
    128
  ],
  "imagePath": "10.jpg",
  "imageData": null
}