<annotation>
  <folder>./ͼƬ</folder>
  <filename>ͼƬ/10.jpg</filename>
  <path>./ͼƬ/10.jpg</path>
  <source>
    <database>Unknown</database>
  </source>
  <size>
    <width>1920</width>
    <height>1080</height>
    <depth>3</depth>
  </size>
  <segmented>0</segmented>
  <object>
    <name>人</name>
    <pose>Unspecified</pose>
    <truncated>0</truncated>
    <difficult>0</difficult>
    <bndbox>
      <xmin>359</xmin>
      <ymin>259</ymin>
      <xmax>737</xmax>
      <ymax>998</ymax>
    </bndbox>
  </object>
  <object>
    <name>人</name>
    <pose>Unspecified</pose>
    <truncated>0</truncated>
    <difficult>0</difficult>
    <bndbox>
      <xmin>1170</xmin>
      <ymin>187</ymin>
      <xmax>1539</xmax>
      <ymax>1015</ymax>
    </bndbox>
  </object>
  <object>
    <name>点-点序号_1-点序号-是否可见_可见点</name>
    <pose>Unspecified</pose>
    <truncated>0</truncated>
    <difficult>0</difficult>
    <bndbox>
      <x1>552</x1>
      <y1>268</y1>
    </bndbox>
  </object>
  <object>
    <name>点-点序号_2-点序号-是否可见_可见点</name>
    <pose>Unspecified</pose>
    <truncated>0</truncated>
    <difficult>0</difficult>
    <bndbox>
      <x1>563</x1>
      <y1>301</y1>
    </bndbox>
  </object>
  <object>
    <name>点-点序号_3-点序号-是否可见_可见点</name>
    <pose>Unspecified</pose>
    <truncated>0</truncated>
    <difficult>0</difficult>
    <bndbox>
      <x1>537</x1>
      <y1>300</y1>
    </bndbox>
  </object>
  <object>
    <name>点-点序号_4-点序号-是否可见_可见点</name>
    <pose>Unspecified</pose>
    <truncated>0</truncated>
    <difficult>0</difficult>
    <bndbox>
      <x1>580</x1>
      <y1>319</y1>
    </bndbox>
  </object>
  <object>
    <name>点-点序号_5-点序号-是否可见_可见点</name>
    <pose>Unspecified</pose>
    <truncated>0</truncated>
    <difficult>0</difficult>
    <bndbox>
      <x1>517</x1>
      <y1>324</y1>
    </bndbox>
  </object>
  <object>
    <name>点-点序号_6-点序号-是否可见_可见点</name>
    <pose>Unspecified</pose>
    <truncated>0</truncated>
    <difficult>0</difficult>
    <bndbox>
      <x1>550</x1>
      <y1>311</y1>
    </bndbox>
  </object>
  <object>
    <name>点-点序号_7-点序号-是否可见_可见点</name>
    <pose>Unspecified</pose>
    <truncated>0</truncated>
    <difficult>0</difficult>
    <bndbox>
      <x1>548</x1>
      <y1>343</y1>
    </bndbox>
  </object>
  <object>
    <name>点-点序号_8-点序号-是否可见_可见点</name>
    <pose>Unspecified</pose>
    <truncated>0</truncated>
    <difficult>0</difficult>
    <bndbox>
      <x1>611</x1>
      <y1>398</y1>
    </bndbox>
  </object>
  <object>
    <name>点-点序号_9-点序号-是否可见_可见点</name>
    <pose>Unspecified</pose>
    <truncated>0</truncated>
    <difficult>0</difficult>
    <bndbox>
      <x1>480</x1>
      <y1>391</y1>
    </bndbox>
  </object>
  <object>
    <name>点-点序号_10-点序号-是否可见_可见点</name>
    <pose>Unspecified</pose>
    <truncated>0</truncated>
    <difficult>0</difficult>
    <bndbox>
      <x1>691</x1>
      <y1>483</y1>
    </bndbox>
  </object>
  <object>
    <name>点-点序号_11-点序号-是否可见_可见点</name>
    <pose>Unspecified</pose>
    <truncated>0</truncated>
    <difficult>0</difficult>
    <bndbox>
      <x1>383</x1>
      <y1>470</y1>
    </bndbox>
  </object>
  <object>
    <name>点-点序号_12-点序号-是否可见_可见点</name>
    <pose>Unspecified</pose>
    <truncated>0</truncated>
    <difficult>0</difficult>
    <bndbox>
      <x1>623</x1>
      <y1>529</y1>
    </bndbox>
  </object>
  <object>
    <name>点-点序号_14-点序号-是否可见_可见点</name>
    <pose>Unspecified</pose>
    <truncated>0</truncated>
    <difficult>0</difficult>
    <bndbox>
      <x1>590</x1>
      <y1>544</y1>
    </bndbox>
  </object>
  <object>
    <name>点-点序号_15-点序号-是否可见_可见点</name>
    <pose>Unspecified</pose>
    <truncated>0</truncated>
    <difficult>0</difficult>
    <bndbox>
      <x1>496</x1>
      <y1>544</y1>
    </bndbox>
  </object>
  <object>
    <name>点-点序号-点序号_16-是否可见_可见点</name>
    <pose>Unspecified</pose>
    <truncated>0</truncated>
    <difficult>0</difficult>
    <bndbox>
      <x1>598</x1>
      <y1>578</y1>
    </bndbox>
  </object>
  <object>
    <name>点-点序号-点序号_17-是否可见_可见点</name>
    <pose>Unspecified</pose>
    <truncated>0</truncated>
    <difficult>0</difficult>
    <bndbox>
      <x1>493</x1>
      <y1>575</y1>
    </bndbox>
  </object>
  <object>
    <name>点-点序号-点序号_18-是否可见_可见点</name>
    <pose>Unspecified</pose>
    <truncated>0</truncated>
    <difficult>0</difficult>
    <bndbox>
      <x1>615</x1>
      <y1>779</y1>
    </bndbox>
  </object>
  <object>
    <name>点-点序号-点序号_19-是否可见_可见点</name>
    <pose>Unspecified</pose>
    <truncated>0</truncated>
    <difficult>0</difficult>
    <bndbox>
      <x1>458</x1>
      <y1>771</y1>
    </bndbox>
  </object>
  <object>
    <name>点-点序号-点序号_20-是否可见_可见点</name>
    <pose>Unspecified</pose>
    <truncated>0</truncated>
    <difficult>0</difficult>
    <bndbox>
      <x1>697</x1>
      <y1>913</y1>
    </bndbox>
  </object>
  <object>
    <name>点-点序号-点序号_21-是否可见_可见点</name>
    <pose>Unspecified</pose>
    <truncated>0</truncated>
    <difficult>0</difficult>
    <bndbox>
      <x1>400</x1>
      <y1>913</y1>
    </bndbox>
  </object>
  <object>
    <name>点-点序号-点序号_22-是否可见_可见点</name>
    <pose>Unspecified</pose>
    <truncated>0</truncated>
    <difficult>0</difficult>
    <bndbox>
      <x1>712</x1>
      <y1>995</y1>
    </bndbox>
  </object>
  <object>
    <name>点-点序号-点序号_24-是否可见_可见点</name>
    <pose>Unspecified</pose>
    <truncated>0</truncated>
    <difficult>0</difficult>
    <bndbox>
      <x1>380</x1>
      <y1>994</y1>
    </bndbox>
  </object>
  <object>
    <name>点-点序号-点序号_25-是否可见_可见点</name>
    <pose>Unspecified</pose>
    <truncated>0</truncated>
    <difficult>0</difficult>
    <bndbox>
      <x1>415</x1>
      <y1>944</y1>
    </bndbox>
  </object>
  <object>
    <name>点-点序号_1-点序号-是否可见_可见点</name>
    <pose>Unspecified</pose>
    <truncated>0</truncated>
    <difficult>0</difficult>
    <bndbox>
      <x1>1364</x1>
      <y1>203</y1>
    </bndbox>
  </object>
  <object>
    <name>点-点序号_2-点序号-是否可见_可见点</name>
    <pose>Unspecified</pose>
    <truncated>0</truncated>
    <difficult>0</difficult>
    <bndbox>
      <x1>1377</x1>
      <y1>237</y1>
    </bndbox>
  </object>
  <object>
    <name>点-点序号_3-点序号-是否可见_可见点</name>
    <pose>Unspecified</pose>
    <truncated>0</truncated>
    <difficult>0</difficult>
    <bndbox>
      <x1>1350</x1>
      <y1>237</y1>
    </bndbox>
  </object>
  <object>
    <name>点-点序号_4-点序号-是否可见_可见点</name>
    <pose>Unspecified</pose>
    <truncated>0</truncated>
    <difficult>0</difficult>
    <bndbox>
      <x1>1396</x1>
      <y1>255</y1>
    </bndbox>
  </object>
  <object>
    <name>点-点序号_5-点序号-是否可见_可见点</name>
    <pose>Unspecified</pose>
    <truncated>0</truncated>
    <difficult>0</difficult>
    <bndbox>
      <x1>1332</x1>
      <y1>255</y1>
    </bndbox>
  </object>
  <object>
    <name>点-点序号_6-点序号-是否可见_可见点</name>
    <pose>Unspecified</pose>
    <truncated>0</truncated>
    <difficult>0</difficult>
    <bndbox>
      <x1>1362</x1>
      <y1>249</y1>
    </bndbox>
  </object>
  <object>
    <name>点-点序号_7-点序号-是否可见_可见点</name>
    <pose>Unspecified</pose>
    <truncated>0</truncated>
    <difficult>0</difficult>
    <bndbox>
      <x1>1360</x1>
      <y1>285</y1>
    </bndbox>
  </object>
  <object>
    <name>点-点序号_8-点序号-是否可见_可见点</name>
    <pose>Unspecified</pose>
    <truncated>0</truncated>
    <difficult>0</difficult>
    <bndbox>
      <x1>1434</x1>
      <y1>331</y1>
    </bndbox>
  </object>
  <object>
    <name>点-点序号_9-点序号-是否可见_可见点</name>
    <pose>Unspecified</pose>
    <truncated>0</truncated>
    <difficult>0</difficult>
    <bndbox>
      <x1>1286</x1>
      <y1>322</y1>
    </bndbox>
  </object>
  <object>
    <name>点-点序号_10-点序号-是否可见_可见点</name>
    <pose>Unspecified</pose>
    <truncated>0</truncated>
    <difficult>0</difficult>
    <bndbox>
      <x1>1437</x1>
      <y1>450</y1>
    </bndbox>
  </object>
  <object>
    <name>点-点序号_11-点序号-是否可见_可见点</name>
    <pose>Unspecified</pose>
    <truncated>0</truncated>
    <difficult>0</difficult>
    <bndbox>
      <x1>1273</x1>
      <y1>439</y1>
    </bndbox>
  </object>
  <object>
    <name>点-点序号_12-点序号-是否可见_可见点</name>
    <pose>Unspecified</pose>
    <truncated>0</truncated>
    <difficult>0</difficult>
    <bndbox>
      <x1>1491</x1>
      <y1>523</y1>
    </bndbox>
  </object>
  <object>
    <name>点-点序号_13-点序号-是否可见_可见点</name>
    <pose>Unspecified</pose>
    <truncated>0</truncated>
    <difficult>0</difficult>
    <bndbox>
      <x1>1218</x1>
      <y1>511</y1>
    </bndbox>
  </object>
  <object>
    <name>点-点序号_14-点序号-是否可见_可见点</name>
    <pose>Unspecified</pose>
    <truncated>0</truncated>
    <difficult>0</difficult>
    <bndbox>
      <x1>1526</x1>
      <y1>551</y1>
    </bndbox>
  </object>
  <object>
    <name>点-点序号_15-点序号-是否可见_可见点</name>
    <pose>Unspecified</pose>
    <truncated>0</truncated>
    <difficult>0</difficult>
    <bndbox>
      <x1>1178</x1>
      <y1>540</y1>
    </bndbox>
  </object>
  <object>
    <name>点-点序号-点序号_16-是否可见_可见点</name>
    <pose>Unspecified</pose>
    <truncated>0</truncated>
    <difficult>0</difficult>
    <bndbox>
      <x1>1416</x1>
      <y1>526</y1>
    </bndbox>
  </object>
  <object>
    <name>点-点序号-点序号_17-是否可见_可见点</name>
    <pose>Unspecified</pose>
    <truncated>0</truncated>
    <difficult>0</difficult>
    <bndbox>
      <x1>1293</x1>
      <y1>528</y1>
    </bndbox>
  </object>
  <object>
    <name>点-点序号-点序号_18-是否可见_可见点</name>
    <pose>Unspecified</pose>
    <truncated>0</truncated>
    <difficult>0</difficult>
    <bndbox>
      <x1>1398</x1>
      <y1>736</y1>
    </bndbox>
  </object>
  <object>
    <name>点-点序号-点序号_19-是否可见_可见点</name>
    <pose>Unspecified</pose>
    <truncated>0</truncated>
    <difficult>0</difficult>
    <bndbox>
      <x1>1295</x1>
      <y1>735</y1>
    </bndbox>
  </object>
  <object>
    <name>点-点序号-点序号_20-是否可见_可见点</name>
    <pose>Unspecified</pose>
    <truncated>0</truncated>
    <difficult>0</difficult>
    <bndbox>
      <x1>1445</x1>
      <y1>912</y1>
    </bndbox>
  </object>
  <object>
    <name>点-点序号-点序号_21-是否可见_可见点</name>
    <pose>Unspecified</pose>
    <truncated>0</truncated>
    <difficult>0</difficult>
    <bndbox>
      <x1>1282</x1>
      <y1>913</y1>
    </bndbox>
  </object>
  <object>
    <name>点-点序号-点序号_22-是否可见_可见点</name>
    <pose>Unspecified</pose>
    <truncated>0</truncated>
    <difficult>0</difficult>
    <bndbox>
      <x1>1458</x1>
      <y1>1010</y1>
    </bndbox>
  </object>
  <object>
    <name>点-点序号-点序号_23-是否可见_可见点</name>
    <pose>Unspecified</pose>
    <truncated>0</truncated>
    <difficult>0</difficult>
    <bndbox>
      <x1>1477</x1>
      <y1>920</y1>
    </bndbox>
  </object>
  <object>
    <name>点-点序号-点序号_24-是否可见_可见点</name>
    <pose>Unspecified</pose>
    <truncated>0</truncated>
    <difficult>0</difficult>
    <bndbox>
      <x1>1273</x1>
      <y1>1007</y1>
    </bndbox>
  </object>
  <object>
    <name>点-点序号-点序号_25-是否可见_可见点</name>
    <pose>Unspecified</pose>
    <truncated>0</truncated>
    <difficult>0</difficult>
    <bndbox>
      <x1>1256</x1>
      <y1>931</y1>
    </bndbox>
  </object>
  <object>
    <name>点-点序号_13-点序号-是否可见_不可见点</name>
    <pose>Unspecified</pose>
    <truncated>0</truncated>
    <difficult>0</difficult>
    <bndbox>
      <x1>471</x1>
      <y1>530</y1>
    </bndbox>
  </object>
</annotation>