{
	"imagePath": "1 (1).jpg",
	"imageWidth": 506,
	"imageHeight": 687,
	"groups": [
		{
			"group_id": 1,
			"class": 1,
			"bbox": [
				251,
				201,
				198,
				447
			],
			"keypoints": [
				{
					"label": 1,
					"visibility": 1,
					"points": [
						308,
						205
					]
				},
				{
					"label": 2,
					"visibility": 1,
					"points": [
						316,
						230
					]
				},
				{
					"label": 3,
					"visibility": 1,
					"points": [
						299,
						231
					]
				},
				{
					"label": 4,
					"visibility": 1,
					"points": [
						330,
						234
					]
				},
				{
					"label": 5,
					"visibility": 0,
					"points": [
						291,
						237
					]
				},
				{
					"label": 6,
					"visibility": 1,
					"points": [
						306,
						242
					]
				},
				{
					"label": 7,
					"visibility": 1,
					"points": [
						309,
						258
					]
				},
				{
					"label": 8,
					"visibility": 1,
					"points": [
						348,
						262
					]
				},
				{
					"label": 9,
					"visibility": 1,
					"points": [
						280,
						292
					]
				},
				{
					"label": 10,
					"visibility": 1,
					"points": [
						405,
						249
					]
				},
				{
					"label": 11,
					"visibility": 0,
					"points": [
						269,
						331
					]
				},
				{
					"label": 12,
					"visibility": 1,
					"points": [
						358,
						219
					]
				},
				{
					"label": 13,
					"visibility": 0,
					"points": [
						254,
						379
					]
				},
				{
					"label": 14,
					"visibility": 1,
					"points": [
						341,
						215
					]
				},
				{
					"label": 15,
					"visibility": 1,
					"points": [
						259,
						389
					]
				},
				{
					"label": 16,
					"visibility": 1,
					"points": [
						374,
						365
					]
				},
				{
					"label": 17,
					"visibility": 1,
					"points": [
						311,
						389
					]
				},
				{
					"label": 18,
					"visibility": 1,
					"points": [
						392,
						480
					]
				},
				{
					"label": 19,
					"visibility": 1,
					"points": [
						365,
						485
					]
				},
				{
					"label": 20,
					"visibility": 0,
					"points": [
						412,
						567
					]
				},
				{
					"label": 21,
					"visibility": 1,
					"points": [
						401,
						573
					]
				},
				{
					"label": 22,
					"visibility": 1,
					"points": [
						375,
						619
					]
				},
				{
					"label": 23,
					"visibility": 0,
					"points": [
						432,
						595
					]
				},
				{
					"label": 24,
					"visibility": 1,
					"points": [
						441,
						641
					]
				},
				{
					"label": 25,
					"visibility": 0,
					"points": [
						416,
						594
					]
				}
			],
			"segments": []
		},
		{
			"group_id": 2,
			"class": 3,
			"bbox": [
				252,
				329,
				59,
				66
			],
			"keypoints": [],
			"segments": []
		}
	]
}