{
	"imagePath": "1 (2).jpg",
	"imageWidth": 860,
	"imageHeight": 1132,
	"groups": [
		{
			"group_id": 1,
			"class": 1,
			"bbox": [
				255,
				91,
				398,
				988
			],
			"keypoints": [
				{
					"label": 1,
					"visibility": 1,
					"points": [
						445,
						124
					]
				},
				{
					"label": 2,
					"visibility": 1,
					"points": [
						471,
						190
					]
				},
				{
					"label": 3,
					"visibility": 1,
					"points": [
						426,
						193
					]
				},
				{
					"label": 4,
					"visibility": 1,
					"points": [
						508,
						201
					]
				},
				{
					"label": 5,
					"visibility": 1,
					"points": [
						394,
						209
					]
				},
				{
					"label": 6,
					"visibility": 1,
					"points": [
						450,
						221
					]
				},
				{
					"label": 7,
					"visibility": 1,
					"points": [
						452,
						270
					]
				},
				{
					"label": 8,
					"visibility": 1,
					"points": [
						585,
						301
					]
				},
				{
					"label": 9,
					"visibility": 1,
					"points": [
						332,
						287
					]
				},
				{
					"label": 10,
					"visibility": 1,
					"points": [
						572,
						482
					]
				},
				{
					"label": 11,
					"visibility": 1,
					"points": [
						283,
						377
					]
				},
				{
					"label": 12,
					"visibility": 1,
					"points": [
						416,
						545
					]
				},
				{
					"label": 13,
					"visibility": 1,
					"points": [
						317,
						451
					]
				},
				{
					"label": 14,
					"visibility": 1,
					"points": [
						387,
						579
					]
				},
				{
					"label": 15,
					"visibility": 1,
					"points": [
						309,
						456
					]
				},
				{
					"label": 16,
					"visibility": 1,
					"points": [
						571,
						582
					]
				},
				{
					"label": 18,
					"visibility": 1,
					"points": [
						589,
						768
					]
				},
				{
					"label": 19,
					"visibility": 1,
					"points": [
						356,
						767
					]
				},
				{
					"label": 20,
					"visibility": 1,
					"points": [
						607,
						948
					]
				},
				{
					"label": 21,
					"visibility": 1,
					"points": [
						336,
						952
					]
				},
				{
					"label": 22,
					"visibility": 1,
					"points": [
						626,
						1069
					]
				},
				{
					"label": 23,
					"visibility": 1,
					"points": [
						581,
						1033
					]
				},
				{
					"label": 24,
					"visibility": 1,
					"points": [
						305,
						1077
					]
				},
				{
					"label": 25,
					"visibility": 1,
					"points": [
						369,
						1035
					]
				},
				{
					"label": 17,
					"visibility": 0,
					"points": [
						349,
						588
					]
				}
			],
			"segments": []
		},
		{
			"group_id": 2,
			"class": 3,
			"bbox": [
				246,
				464,
				143,
				148
			],
			"keypoints": [],
			"segments": []
		}
	]
}