{
	"imagePath": "1 (3).jpg",
	"imageWidth": 500,
	"imageHeight": 750,
	"groups": [
		{
			"group_id": 1,
			"class": 2,
			"bbox": [
				167,
				631,
				85,
				87
			],
			"keypoints": [],
			"segments": []
		},
		{
			"group_id": 2,
			"class": 1,
			"bbox": [
				257,
				228,
				122,
				465
			],
			"keypoints": [
				{
					"label": 1,
					"visibility": 1,
					"points": [
						323,
						240
					]
				},
				{
					"label": 2,
					"visibility": 1,
					"points": [
						322,
						283
					]
				},
				{
					"label": 3,
					"visibility": 1,
					"points": [
						304,
						280
					]
				},
				{
					"label": 4,
					"visibility": 1,
					"points": [
						353,
						287
					]
				},
				{
					"label": 6,
					"visibility": 1,
					"points": [
						310,
						294
					]
				},
				{
					"label": 7,
					"visibility": 1,
					"points": [
						313,
						316
					]
				},
				{
					"label": 8,
					"visibility": 1,
					"points": [
						354,
						347
					]
				},
				{
					"label": 9,
					"visibility": 1,
					"points": [
						286,
						328
					]
				},
				{
					"label": 10,
					"visibility": 1,
					"points": [
						369,
						418
					]
				},
				{
					"label": 12,
					"visibility": 1,
					"points": [
						317,
						436
					]
				},
				{
					"label": 13,
					"visibility": 1,
					"points": [
						276,
						439
					]
				},
				{
					"label": 14,
					"visibility": 1,
					"points": [
						297,
						439
					]
				},
				{
					"label": 15,
					"visibility": 1,
					"points": [
						257,
						451
					]
				},
				{
					"label": 16,
					"visibility": 1,
					"points": [
						352,
						453
					]
				},
				{
					"label": 17,
					"visibility": 1,
					"points": [
						292,
						455
					]
				},
				{
					"label": 18,
					"visibility": 1,
					"points": [
						326,
						558
					]
				},
				{
					"label": 19,
					"visibility": 1,
					"points": [
						304,
						558
					]
				},
				{
					"label": 20,
					"visibility": 1,
					"points": [
						355,
						636
					]
				},
				{
					"label": 21,
					"visibility": 1,
					"points": [
						333,
						641
					]
				},
				{
					"label": 22,
					"visibility": 1,
					"points": [
						334,
						690
					]
				},
				{
					"label": 23,
					"visibility": 1,
					"points": [
						374,
						656
					]
				},
				{
					"label": 24,
					"visibility": 1,
					"points": [
						280,
						679
					]
				},
				{
					"label": 5,
					"visibility": 0,
					"points": [
						298,
						284
					]
				},
				{
					"label": 11,
					"visibility": 0,
					"points": [
						291,
						403
					]
				}
			],
			"segments": []
		}
	]
}