{
	"imagePath": "1 (4).jpg",
	"imageWidth": 1080,
	"imageHeight": 1920,
	"groups": [
		{
			"group_id": 1,
			"class": 1,
			"bbox": [
				100,
				895,
				946,
				641
			],
			"keypoints": [
				{
					"label": 1,
					"visibility": 1,
					"points": [
						409,
						921
					]
				},
				{
					"label": 2,
					"visibility": 1,
					"points": [
						435,
						994
					]
				},
				{
					"label": 3,
					"visibility": 1,
					"points": [
						393,
						997
					]
				},
				{
					"label": 4,
					"visibility": 1,
					"points": [
						459,
						1000
					]
				},
				{
					"label": 5,
					"visibility": 1,
					"points": [
						350,
						1010
					]
				},
				{
					"label": 6,
					"visibility": 1,
					"points": [
						418,
						1018
					]
				},
				{
					"label": 7,
					"visibility": 1,
					"points": [
						415,
						1071
					]
				},
				{
					"label": 8,
					"visibility": 1,
					"points": [
						496,
						1084
					]
				},
				{
					"label": 9,
					"visibility": 1,
					"points": [
						307,
						1118
					]
				},
				{
					"label": 10,
					"visibility": 1,
					"points": [
						509,
						1242
					]
				},
				{
					"label": 11,
					"visibility": 1,
					"points": [
						274,
						1278
					]
				},
				{
					"label": 12,
					"visibility": 1,
					"points": [
						537,
						1395
					]
				},
				{
					"label": 13,
					"visibility": 1,
					"points": [
						185,
						1435
					]
				},
				{
					"label": 14,
					"visibility": 1,
					"points": [
						540,
						1448
					]
				},
				{
					"label": 15,
					"visibility": 1,
					"points": [
						152,
						1459
					]
				},
				{
					"label": 16,
					"visibility": 1,
					"points": [
						504,
						1346
					]
				},
				{
					"label": 17,
					"visibility": 1,
					"points": [
						345,
						1380
					]
				},
				{
					"label": 18,
					"visibility": 1,
					"points": [
						687,
						1249
					]
				},
				{
					"label": 19,
					"visibility": 1,
					"points": [
						336,
						1428
					]
				},
				{
					"label": 20,
					"visibility": 1,
					"points": [
						896,
						1404
					]
				},
				{
					"label": 21,
					"visibility": 1,
					"points": [
						532,
						1485
					]
				},
				{
					"label": 22,
					"visibility": 1,
					"points": [
						1044,
						1418
					]
				},
				{
					"label": 23,
					"visibility": 1,
					"points": [
						905,
						1483
					]
				},
				{
					"label": 24,
					"visibility": 1,
					"points": [
						688,
						1467
					]
				},
				{
					"label": 25,
					"visibility": 1,
					"points": [
						554,
						1417
					]
				}
			],
			"segments": []
		}
	]
}