{
	"imagePath": "1 (5).jpg",
	"imageWidth": 1080,
	"imageHeight": 1920,
	"groups": [
		{
			"group_id": 1,
			"class": 1,
			"bbox": [
				355,
				808,
				310,
				975
			],
			"keypoints": [
				{
					"label": 1,
					"visibility": 1,
					"points": [
						510,
						817
					]
				},
				{
					"label": 2,
					"visibility": 1,
					"points": [
						517,
						847
					]
				},
				{
					"label": 3,
					"visibility": 1,
					"points": [
						488,
						855
					]
				},
				{
					"label": 6,
					"visibility": 1,
					"points": [
						497,
						863
					]
				},
				{
					"label": 7,
					"visibility": 1,
					"points": [
						498,
						908
					]
				},
				{
					"label": 8,
					"visibility": 1,
					"points": [
						589,
						953
					]
				},
				{
					"label": 9,
					"visibility": 1,
					"points": [
						457,
						985
					]
				},
				{
					"label": 10,
					"visibility": 1,
					"points": [
						606,
						1116
					]
				},
				{
					"label": 11,
					"visibility": 1,
					"points": [
						443,
						1123
					]
				},
				{
					"label": 12,
					"visibility": 1,
					"points": [
						578,
						1238
					]
				},
				{
					"label": 13,
					"visibility": 1,
					"points": [
						415,
						1234
					]
				},
				{
					"label": 14,
					"visibility": 1,
					"points": [
						573,
						1280
					]
				},
				{
					"label": 15,
					"visibility": 1,
					"points": [
						390,
						1272
					]
				},
				{
					"label": 16,
					"visibility": 1,
					"points": [
						593,
						1250
					]
				},
				{
					"label": 17,
					"visibility": 1,
					"points": [
						440,
						1261
					]
				},
				{
					"label": 18,
					"visibility": 1,
					"points": [
						577,
						1466
					]
				},
				{
					"label": 19,
					"visibility": 1,
					"points": [
						462,
						1473
					]
				},
				{
					"label": 20,
					"visibility": 1,
					"points": [
						615,
						1685
					]
				},
				{
					"label": 21,
					"visibility": 1,
					"points": [
						458,
						1677
					]
				},
				{
					"label": 22,
					"visibility": 1,
					"points": [
						560,
						1763
					]
				},
				{
					"label": 23,
					"visibility": 1,
					"points": [
						662,
						1767
					]
				},
				{
					"label": 24,
					"visibility": 1,
					"points": [
						357,
						1744
					]
				},
				{
					"label": 25,
					"visibility": 1,
					"points": [
						493,
						1745
					]
				},
				{
					"label": 4,
					"visibility": 0,
					"points": [
						558,
						870
					]
				},
				{
					"label": 5,
					"visibility": 0,
					"points": [
						483,
						881
					]
				}
			],
			"segments": []
		}
	]
}