{
	"imagePath": "1 (6).jpg",
	"imageWidth": 1280,
	"imageHeight": 720,
	"groups": [
		{
			"group_id": 1,
			"class": 1,
			"bbox": [
				508,
				188,
				282,
				493
			],
			"keypoints": [
				{
					"label": 1,
					"visibility": 1,
					"points": [
						640,
						200
					]
				},
				{
					"label": 2,
					"visibility": 1,
					"points": [
						649,
						230
					]
				},
				{
					"label": 3,
					"visibility": 1,
					"points": [
						631,
						231
					]
				},
				{
					"label": 4,
					"visibility": 1,
					"points": [
						664,
						233
					]
				},
				{
					"label": 5,
					"visibility": 1,
					"points": [
						618,
						235
					]
				},
				{
					"label": 8,
					"visibility": 1,
					"points": [
						690,
						281
					]
				},
				{
					"label": 9,
					"visibility": 1,
					"points": [
						596,
						288
					]
				},
				{
					"label": 10,
					"visibility": 1,
					"points": [
						716,
						347
					]
				},
				{
					"label": 11,
					"visibility": 1,
					"points": [
						579,
						357
					]
				},
				{
					"label": 12,
					"visibility": 1,
					"points": [
						762,
						404
					]
				},
				{
					"label": 13,
					"visibility": 1,
					"points": [
						535,
						414
					]
				},
				{
					"label": 14,
					"visibility": 1,
					"points": [
						774,
						431
					]
				},
				{
					"label": 15,
					"visibility": 1,
					"points": [
						526,
						447
					]
				},
				{
					"label": 16,
					"visibility": 1,
					"points": [
						683,
						443
					]
				},
				{
					"label": 17,
					"visibility": 1,
					"points": [
						610,
						442
					]
				},
				{
					"label": 18,
					"visibility": 1,
					"points": [
						681,
						552
					]
				},
				{
					"label": 19,
					"visibility": 1,
					"points": [
						615,
						551
					]
				},
				{
					"label": 20,
					"visibility": 1,
					"points": [
						681,
						644
					]
				},
				{
					"label": 21,
					"visibility": 1,
					"points": [
						617,
						642
					]
				},
				{
					"label": 22,
					"visibility": 1,
					"points": [
						688,
						678
					]
				},
				{
					"label": 23,
					"visibility": 1,
					"points": [
						669,
						675
					]
				},
				{
					"label": 24,
					"visibility": 1,
					"points": [
						603,
						680
					]
				},
				{
					"label": 25,
					"visibility": 1,
					"points": [
						630,
						676
					]
				},
				{
					"label": 6,
					"visibility": 0,
					"points": [
						641,
						241
					]
				},
				{
					"label": 7,
					"visibility": 0,
					"points": [
						642,
						258
					]
				}
			],
			"segments": []
		}
	]
}