{
	"imagePath": "1 (7).jpg",
	"imageWidth": 1920,
	"imageHeight": 1080,
	"groups": [
		{
			"group_id": 1,
			"class": 1,
			"bbox": [
				505,
				210,
				163,
				733
			],
			"keypoints": [
				{
					"label": 1,
					"visibility": 1,
					"points": [
						586,
						222
					]
				},
				{
					"label": 2,
					"visibility": 1,
					"points": [
						597,
						254
					]
				},
				{
					"label": 3,
					"visibility": 1,
					"points": [
						574,
						253
					]
				},
				{
					"label": 4,
					"visibility": 1,
					"points": [
						617,
						269
					]
				},
				{
					"label": 5,
					"visibility": 1,
					"points": [
						555,
						270
					]
				},
				{
					"label": 6,
					"visibility": 1,
					"points": [
						586,
						262
					]
				},
				{
					"label": 7,
					"visibility": 1,
					"points": [
						585,
						298
					]
				},
				{
					"label": 8,
					"visibility": 1,
					"points": [
						651,
						348
					]
				},
				{
					"label": 9,
					"visibility": 1,
					"points": [
						518,
						348
					]
				},
				{
					"label": 10,
					"visibility": 1,
					"points": [
						642,
						444
					]
				},
				{
					"label": 11,
					"visibility": 1,
					"points": [
						525,
						438
					]
				},
				{
					"label": 16,
					"visibility": 1,
					"points": [
						627,
						505
					]
				},
				{
					"label": 17,
					"visibility": 1,
					"points": [
						540,
						507
					]
				},
				{
					"label": 18,
					"visibility": 1,
					"points": [
						602,
						707
					]
				},
				{
					"label": 19,
					"visibility": 1,
					"points": [
						560,
						706
					]
				},
				{
					"label": 20,
					"visibility": 1,
					"points": [
						598,
						853
					]
				},
				{
					"label": 21,
					"visibility": 1,
					"points": [
						554,
						854
					]
				},
				{
					"label": 22,
					"visibility": 1,
					"points": [
						587,
						940
					]
				},
				{
					"label": 23,
					"visibility": 1,
					"points": [
						575,
						878
					]
				},
				{
					"label": 24,
					"visibility": 1,
					"points": [
						548,
						937
					]
				},
				{
					"label": 25,
					"visibility": 1,
					"points": [
						573,
						876
					]
				},
				{
					"label": 1,
					"visibility": 1,
					"points": [
						1396,
						226
					]
				},
				{
					"label": 2,
					"visibility": 1,
					"points": [
						1406,
						255
					]
				},
				{
					"label": 3,
					"visibility": 1,
					"points": [
						1379,
						255
					]
				},
				{
					"label": 4,
					"visibility": 1,
					"points": [
						1423,
						274
					]
				},
				{
					"label": 5,
					"visibility": 1,
					"points": [
						1361,
						273
					]
				},
				{
					"label": 6,
					"visibility": 1,
					"points": [
						1392,
						267
					]
				},
				{
					"label": 7,
					"visibility": 1,
					"points": [
						1391,
						300
					]
				},
				{
					"label": 8,
					"visibility": 1,
					"points": [
						1455,
						353
					]
				},
				{
					"label": 9,
					"visibility": 1,
					"points": [
						1319,
						344
					]
				},
				{
					"label": 10,
					"visibility": 1,
					"points": [
						1453,
						453
					]
				},
				{
					"label": 11,
					"visibility": 1,
					"points": [
						1313,
						452
					]
				},
				{
					"label": 12,
					"visibility": 1,
					"points": [
						1477,
						542
					]
				},
				{
					"label": 13,
					"visibility": 1,
					"points": [
						1292,
						534
					]
				},
				{
					"label": 14,
					"visibility": 1,
					"points": [
						1503,
						562
					]
				},
				{
					"label": 15,
					"visibility": 1,
					"points": [
						1257,
						539
					]
				},
				{
					"label": 16,
					"visibility": 1,
					"points": [
						1438,
						530
					]
				},
				{
					"label": 17,
					"visibility": 1,
					"points": [
						1332,
						530
					]
				},
				{
					"label": 18,
					"visibility": 1,
					"points": [
						1403,
						713
					]
				},
				{
					"label": 19,
					"visibility": 1,
					"points": [
						1361,
						710
					]
				},
				{
					"label": 20,
					"visibility": 1,
					"points": [
						1396,
						864
					]
				},
				{
					"label": 21,
					"visibility": 1,
					"points": [
						1353,
						867
					]
				},
				{
					"label": 22,
					"visibility": 1,
					"points": [
						1393,
						948
					]
				},
				{
					"label": 23,
					"visibility": 1,
					"points": [
						1377,
						881
					]
				},
				{
					"label": 24,
					"visibility": 1,
					"points": [
						1347,
						947
					]
				},
				{
					"label": 25,
					"visibility": 1,
					"points": [
						1369,
						881
					]
				},
				{
					"label": 12,
					"visibility": 0,
					"points": [
						637,
						502
					]
				},
				{
					"label": 13,
					"visibility": 0,
					"points": [
						540,
						495
					]
				},
				{
					"label": 14,
					"visibility": 0,
					"points": [
						635,
						509
					]
				},
				{
					"label": 15,
					"visibility": 0,
					"points": [
						544,
						501
					]
				}
			],
			"segments": []
		},
		{
			"group_id": 2,
			"class": 1,
			"bbox": [
				1250,
				212,
				277,
				738
			],
			"keypoints": [],
			"segments": []
		}
	]
}