{
	"imagePath": "1 (8).jpg",
	"imageWidth": 800,
	"imageHeight": 1096,
	"groups": [
		{
			"group_id": 1,
			"class": 1,
			"bbox": [
				240,
				40,
				495,
				976
			],
			"keypoints": [
				{
					"label": 1,
					"visibility": 1,
					"points": [
						301,
						75
					]
				},
				{
					"label": 2,
					"visibility": 1,
					"points": [
						308,
						129
					]
				},
				{
					"label": 3,
					"visibility": 1,
					"points": [
						281,
						127
					]
				},
				{
					"label": 4,
					"visibility": 1,
					"points": [
						372,
						128
					]
				},
				{
					"label": 6,
					"visibility": 1,
					"points": [
						285,
						154
					]
				},
				{
					"label": 7,
					"visibility": 1,
					"points": [
						308,
						197
					]
				},
				{
					"label": 8,
					"visibility": 1,
					"points": [
						459,
						214
					]
				},
				{
					"label": 9,
					"visibility": 1,
					"points": [
						274,
						241
					]
				},
				{
					"label": 10,
					"visibility": 1,
					"points": [
						574,
						323
					]
				},
				{
					"label": 11,
					"visibility": 1,
					"points": [
						283,
						358
					]
				},
				{
					"label": 12,
					"visibility": 1,
					"points": [
						529,
						404
					]
				},
				{
					"label": 13,
					"visibility": 1,
					"points": [
						254,
						458
					]
				},
				{
					"label": 14,
					"visibility": 1,
					"points": [
						519,
						423
					]
				},
				{
					"label": 15,
					"visibility": 1,
					"points": [
						242,
						509
					]
				},
				{
					"label": 16,
					"visibility": 1,
					"points": [
						508,
						513
					]
				},
				{
					"label": 17,
					"visibility": 1,
					"points": [
						327,
						514
					]
				},
				{
					"label": 18,
					"visibility": 1,
					"points": [
						565,
						746
					]
				},
				{
					"label": 19,
					"visibility": 1,
					"points": [
						328,
						667
					]
				},
				{
					"label": 20,
					"visibility": 1,
					"points": [
						665,
						907
					]
				},
				{
					"label": 21,
					"visibility": 1,
					"points": [
						419,
						887
					]
				},
				{
					"label": 22,
					"visibility": 1,
					"points": [
						707,
						1011
					]
				},
				{
					"label": 24,
					"visibility": 1,
					"points": [
						471,
						983
					]
				},
				{
					"label": 25,
					"visibility": 1,
					"points": [
						476,
						915
					]
				},
				{
					"label": 5,
					"visibility": 0,
					"points": [
						282,
						137
					]
				}
			],
			"segments": []
		},
		{
			"group_id": 2,
			"class": 2,
			"bbox": [
				270,
				898,
				130,
				128
			],
			"keypoints": [],
			"segments": []
		}
	]
}