{
	"imagePath": "1 (9).jpg",
	"imageWidth": 608,
	"imageHeight": 899,
	"groups": [
		{
			"group_id": 1,
			"class": 1,
			"bbox": [
				4,
				189,
				571,
				678
			],
			"keypoints": [
				{
					"label": 1,
					"visibility": 1,
					"points": [
						213,
						218
					]
				},
				{
					"label": 2,
					"visibility": 1,
					"points": [
						244,
						278
					]
				},
				{
					"label": 3,
					"visibility": 1,
					"points": [
						200,
						290
					]
				},
				{
					"label": 4,
					"visibility": 1,
					"points": [
						283,
						281
					]
				},
				{
					"label": 6,
					"visibility": 1,
					"points": [
						228,
						313
					]
				},
				{
					"label": 7,
					"visibility": 1,
					"points": [
						241,
						358
					]
				},
				{
					"label": 8,
					"visibility": 1,
					"points": [
						363,
						404
					]
				},
				{
					"label": 9,
					"visibility": 1,
					"points": [
						157,
						427
					]
				},
				{
					"label": 10,
					"visibility": 1,
					"points": [
						416,
						519
					]
				},
				{
					"label": 11,
					"visibility": 1,
					"points": [
						168,
						598
					]
				},
				{
					"label": 12,
					"visibility": 1,
					"points": [
						492,
						603
					]
				},
				{
					"label": 13,
					"visibility": 1,
					"points": [
						202,
						690
					]
				},
				{
					"label": 14,
					"visibility": 1,
					"points": [
						546,
						611
					]
				},
				{
					"label": 15,
					"visibility": 1,
					"points": [
						214,
						705
					]
				},
				{
					"label": 16,
					"visibility": 1,
					"points": [
						334,
						682
					]
				},
				{
					"label": 17,
					"visibility": 1,
					"points": [
						169,
						694
					]
				},
				{
					"label": 18,
					"visibility": 1,
					"points": [
						476,
						621
					]
				},
				{
					"label": 19,
					"visibility": 1,
					"points": [
						26,
						665
					]
				},
				{
					"label": 20,
					"visibility": 1,
					"points": [
						234,
						791
					]
				},
				{
					"label": 22,
					"visibility": 1,
					"points": [
						104,
						798
					]
				},
				{
					"label": 24,
					"visibility": 1,
					"points": [
						367,
						776
					]
				},
				{
					"label": 25,
					"visibility": 1,
					"points": [
						386,
						796
					]
				},
				{
					"label": 5,
					"visibility": 0,
					"points": [
						179,
						311
					]
				},
				{
					"label": 21,
					"visibility": 0,
					"points": [
						279,
						769
					]
				}
			],
			"segments": []
		},
		{
			"group_id": 2,
			"class": 3,
			"bbox": [
				393,
				645,
				206,
				207
			],
			"keypoints": [],
			"segments": []
		}
	]
}