{
	"imagePath": "10.jpg",
	"imageWidth": 1920,
	"imageHeight": 1080,
	"groups": [
		{
			"group_id": 1,
			"class": 1,
			"bbox": [
				359,
				259,
				378,
				739
			],
			"keypoints": [
				{
					"label": 1,
					"visibility": 1,
					"points": [
						552,
						268
					]
				},
				{
					"label": 2,
					"visibility": 1,
					"points": [
						563,
						301
					]
				},
				{
					"label": 3,
					"visibility": 1,
					"points": [
						537,
						300
					]
				},
				{
					"label": 4,
					"visibility": 1,
					"points": [
						580,
						319
					]
				},
				{
					"label": 5,
					"visibility": 1,
					"points": [
						517,
						324
					]
				},
				{
					"label": 6,
					"visibility": 1,
					"points": [
						550,
						311
					]
				},
				{
					"label": 7,
					"visibility": 1,
					"points": [
						548,
						343
					]
				},
				{
					"label": 8,
					"visibility": 1,
					"points": [
						611,
						398
					]
				},
				{
					"label": 9,
					"visibility": 1,
					"points": [
						480,
						391
					]
				},
				{
					"label": 10,
					"visibility": 1,
					"points": [
						691,
						483
					]
				},
				{
					"label": 11,
					"visibility": 1,
					"points": [
						383,
						470
					]
				},
				{
					"label": 12,
					"visibility": 1,
					"points": [
						623,
						529
					]
				},
				{
					"label": 14,
					"visibility": 1,
					"points": [
						590,
						544
					]
				},
				{
					"label": 15,
					"visibility": 1,
					"points": [
						496,
						544
					]
				},
				{
					"label": 16,
					"visibility": 1,
					"points": [
						598,
						578
					]
				},
				{
					"label": 17,
					"visibility": 1,
					"points": [
						493,
						575
					]
				},
				{
					"label": 18,
					"visibility": 1,
					"points": [
						615,
						779
					]
				},
				{
					"label": 19,
					"visibility": 1,
					"points": [
						458,
						771
					]
				},
				{
					"label": 20,
					"visibility": 1,
					"points": [
						697,
						913
					]
				},
				{
					"label": 21,
					"visibility": 1,
					"points": [
						400,
						913
					]
				},
				{
					"label": 22,
					"visibility": 1,
					"points": [
						712,
						995
					]
				},
				{
					"label": 24,
					"visibility": 1,
					"points": [
						380,
						994
					]
				},
				{
					"label": 25,
					"visibility": 1,
					"points": [
						415,
						944
					]
				},
				{
					"label": 1,
					"visibility": 1,
					"points": [
						1364,
						203
					]
				},
				{
					"label": 2,
					"visibility": 1,
					"points": [
						1377,
						237
					]
				},
				{
					"label": 3,
					"visibility": 1,
					"points": [
						1350,
						237
					]
				},
				{
					"label": 4,
					"visibility": 1,
					"points": [
						1396,
						255
					]
				},
				{
					"label": 5,
					"visibility": 1,
					"points": [
						1332,
						255
					]
				},
				{
					"label": 6,
					"visibility": 1,
					"points": [
						1362,
						249
					]
				},
				{
					"label": 7,
					"visibility": 1,
					"points": [
						1360,
						285
					]
				},
				{
					"label": 8,
					"visibility": 1,
					"points": [
						1434,
						331
					]
				},
				{
					"label": 9,
					"visibility": 1,
					"points": [
						1286,
						322
					]
				},
				{
					"label": 10,
					"visibility": 1,
					"points": [
						1437,
						450
					]
				},
				{
					"label": 11,
					"visibility": 1,
					"points": [
						1273,
						439
					]
				},
				{
					"label": 12,
					"visibility": 1,
					"points": [
						1491,
						523
					]
				},
				{
					"label": 13,
					"visibility": 1,
					"points": [
						1218,
						511
					]
				},
				{
					"label": 14,
					"visibility": 1,
					"points": [
						1526,
						551
					]
				},
				{
					"label": 15,
					"visibility": 1,
					"points": [
						1178,
						540
					]
				},
				{
					"label": 16,
					"visibility": 1,
					"points": [
						1416,
						526
					]
				},
				{
					"label": 17,
					"visibility": 1,
					"points": [
						1293,
						528
					]
				},
				{
					"label": 18,
					"visibility": 1,
					"points": [
						1398,
						736
					]
				},
				{
					"label": 19,
					"visibility": 1,
					"points": [
						1295,
						735
					]
				},
				{
					"label": 20,
					"visibility": 1,
					"points": [
						1445,
						912
					]
				},
				{
					"label": 21,
					"visibility": 1,
					"points": [
						1282,
						913
					]
				},
				{
					"label": 22,
					"visibility": 1,
					"points": [
						1458,
						1010
					]
				},
				{
					"label": 23,
					"visibility": 1,
					"points": [
						1477,
						920
					]
				},
				{
					"label": 24,
					"visibility": 1,
					"points": [
						1273,
						1007
					]
				},
				{
					"label": 25,
					"visibility": 1,
					"points": [
						1256,
						931
					]
				},
				{
					"label": 13,
					"visibility": 0,
					"points": [
						471,
						530
					]
				}
			],
			"segments": []
		},
		{
			"group_id": 2,
			"class": 1,
			"bbox": [
				1170,
				187,
				369,
				828
			],
			"keypoints": [],
			"segments": []
		}
	]
}